
/*!40101 SET @OLD_CHARACTER_SET_CLIENT=@@CHARACTER_SET_CLIENT */;
/*!40101 SET @OLD_CHARACTER_SET_RESULTS=@@CHARACTER_SET_RESULTS */;
/*!40101 SET @OLD_COLLATION_CONNECTION=@@COLLATION_CONNECTION */;
/*!50503 SET NAMES utf8mb4 */;
/*!40103 SET @OLD_TIME_ZONE=@@TIME_ZONE */;
/*!40103 SET TIME_ZONE='+00:00' */;
/*!40014 SET @OLD_UNIQUE_CHECKS=@@UNIQUE_CHECKS, UNIQUE_CHECKS=0 */;
/*!40014 SET @OLD_FOREIGN_KEY_CHECKS=@@FOREIGN_KEY_CHECKS, FOREIGN_KEY_CHECKS=0 */;
/*!40101 SET @OLD_SQL_MODE=@@SQL_MODE, SQL_MODE='NO_AUTO_VALUE_ON_ZERO' */;
/*!40111 SET @OLD_SQL_NOTES=@@SQL_NOTES, SQL_NOTES=0 */;
DROP TABLE IF EXISTS `calendars`;
/*!40101 SET @saved_cs_client     = @@character_set_client */;
/*!50503 SET character_set_client = utf8mb4 */;
CREATE TABLE `calendars` (
  `id` bigint unsigned NOT NULL AUTO_INCREMENT,
  `label` varchar(255) CHARACTER SET utf8mb4 COLLATE utf8mb4_unicode_ci NOT NULL,
  `kickoff` datetime NOT NULL,
  `created_at` timestamp NULL DEFAULT NULL,
  `updated_at` timestamp NULL DEFAULT NULL,
  `fixture` int DEFAULT NULL,
  PRIMARY KEY (`id`)
) ENGINE=InnoDB AUTO_INCREMENT=105 DEFAULT CHARSET=utf8mb4 COLLATE=utf8mb4_unicode_ci;
/*!40101 SET character_set_client = @saved_cs_client */;

LOCK TABLES `calendars` WRITE;
/*!40000 ALTER TABLE `calendars` DISABLE KEYS */;
INSERT INTO `calendars` VALUES (29,'Ligue 1 - Rennes-Metz','2022-03-20 15:00:00','2022-03-18 15:39:12','2022-03-31 15:26:49',718639),(30,'Ligue 1 - Nice-Rennes','2022-04-02 17:00:00','2022-03-18 15:39:12','2022-03-23 11:04:29',718646),(31,'Ligue 1 - Reims-Rennes','2022-04-09 17:00:00','2022-03-18 15:39:12','2022-04-02 17:02:18',718659),(32,'Ligue 1 - Rennes-Monaco','2022-04-15 21:00:00','2022-03-18 15:40:29','2022-04-10 21:58:37',718668),(33,'Ligue 1 - Strasbourg-Rennes','2022-04-20 15:00:00','2022-03-18 15:40:29','2022-03-22 21:35:44',718679),(34,'Ligue 1 - Rennes-Lorient','2022-04-24 13:00:00','2022-03-18 15:40:29','2022-04-20 20:07:09',718689),(35,'Ligue 1 - Rennes-Saint-Etienne','2022-04-30 15:00:00','2022-03-18 15:40:29','2022-04-24 19:19:05',718698),(36,'Ligue 1 - Nantes-Rennes','2022-05-11 15:00:00','2022-03-18 15:40:29','2022-03-18 15:40:29',718707),(37,'Ligue 1 - Rennes-Marseille','2022-05-14 15:00:00','2022-03-18 15:40:29','2022-03-18 15:40:29',718717),(38,'Ligue 1 - Lille-Rennes','2022-05-21 15:00:00','2022-03-18 15:40:29','2022-03-18 15:40:29',718725);
/*!40000 ALTER TABLE `calendars` ENABLE KEYS */;
UNLOCK TABLES;
DROP TABLE IF EXISTS `club_h2h`;
/*!40101 SET @saved_cs_client     = @@character_set_client */;
/*!50503 SET character_set_client = utf8mb4 */;
CREATE TABLE `club_h2h` (
  `id` bigint unsigned NOT NULL AUTO_INCREMENT,
  `club_id` bigint unsigned NOT NULL,
  `head2head_id` bigint unsigned NOT NULL,
  `location` varchar(255) CHARACTER SET utf8mb4 COLLATE utf8mb4_unicode_ci NOT NULL,
  `created_at` timestamp NULL DEFAULT NULL,
  `updated_at` timestamp NULL DEFAULT NULL,
  PRIMARY KEY (`id`)
) ENGINE=InnoDB AUTO_INCREMENT=771 DEFAULT CHARSET=utf8mb4 COLLATE=utf8mb4_unicode_ci;
/*!40101 SET character_set_client = @saved_cs_client */;

LOCK TABLES `club_h2h` WRITE;
/*!40000 ALTER TABLE `club_h2h` DISABLE KEYS */;
INSERT INTO `club_h2h` VALUES (9,94,9,'home',NULL,NULL),(10,112,9,'away',NULL,NULL),(11,112,10,'home',NULL,NULL),(12,94,10,'away',NULL,NULL),(13,112,11,'home',NULL,NULL),(14,94,11,'away',NULL,NULL),(15,94,12,'home',NULL,NULL),(16,112,12,'away',NULL,NULL),(17,112,13,'home',NULL,NULL),(18,94,13,'away',NULL,NULL),(19,94,14,'home',NULL,NULL),(20,112,14,'away',NULL,NULL),(21,112,15,'home',NULL,NULL),(22,94,15,'away',NULL,NULL),(23,112,16,'home',NULL,NULL),(24,94,16,'away',NULL,NULL),(25,94,17,'home',NULL,NULL),(26,112,17,'away',NULL,NULL),(27,94,18,'home',NULL,NULL),(28,112,18,'away',NULL,NULL),(29,112,19,'home',NULL,NULL),(30,94,19,'away',NULL,NULL),(31,112,20,'home',NULL,NULL),(32,94,20,'away',NULL,NULL),(33,94,21,'home',NULL,NULL),(34,84,21,'away',NULL,NULL),(35,94,22,'home',NULL,NULL),(36,84,22,'away',NULL,NULL),(39,94,24,'home',NULL,NULL),(40,84,24,'away',NULL,NULL),(41,94,25,'home',NULL,NULL),(42,84,25,'away',NULL,NULL),(43,84,26,'home',NULL,NULL),(44,94,26,'away',NULL,NULL),(45,84,27,'home',NULL,NULL),(46,94,27,'away',NULL,NULL),(47,94,28,'home',NULL,NULL),(48,84,28,'away',NULL,NULL),(49,94,29,'home',NULL,NULL),(50,84,29,'away',NULL,NULL),(51,84,30,'home',NULL,NULL),(52,94,30,'away',NULL,NULL),(53,84,31,'home',NULL,NULL),(54,94,31,'away',NULL,NULL),(55,94,32,'home',NULL,NULL),(56,84,32,'away',NULL,NULL),(57,94,33,'home',NULL,NULL),(58,84,33,'away',NULL,NULL),(59,84,34,'home',NULL,NULL),(60,94,34,'away',NULL,NULL),(61,84,35,'home',NULL,NULL),(62,94,35,'away',NULL,NULL),(63,84,36,'home',NULL,NULL),(64,94,36,'away',NULL,NULL),(65,94,37,'home',NULL,NULL),(66,84,37,'away',NULL,NULL),(67,94,38,'home',NULL,NULL),(68,84,38,'away',NULL,NULL),(69,84,39,'home',NULL,NULL),(70,94,39,'away',NULL,NULL),(71,94,40,'home',NULL,NULL),(72,84,40,'away',NULL,NULL),(73,84,41,'home',NULL,NULL),(74,94,41,'away',NULL,NULL),(75,94,42,'home',NULL,NULL),(76,84,42,'away',NULL,NULL),(77,84,43,'home',NULL,NULL),(78,94,43,'away',NULL,NULL),(79,94,44,'home',NULL,NULL),(80,84,44,'away',NULL,NULL),(81,84,45,'home',NULL,NULL),(82,94,45,'away',NULL,NULL),(83,84,46,'home',NULL,NULL),(84,94,46,'away',NULL,NULL),(85,94,47,'home',NULL,NULL),(86,84,47,'away',NULL,NULL),(87,84,48,'home',NULL,NULL),(88,94,48,'away',NULL,NULL),(89,94,49,'home',NULL,NULL),(90,84,49,'away',NULL,NULL),(91,84,50,'home',NULL,NULL),(92,94,50,'away',NULL,NULL),(93,84,51,'home',NULL,NULL),(94,94,51,'away',NULL,NULL),(95,94,52,'home',NULL,NULL),(96,84,52,'away',NULL,NULL),(97,94,53,'home',NULL,NULL),(98,84,53,'away',NULL,NULL),(99,94,54,'home',NULL,NULL),(100,93,54,'away',NULL,NULL),(101,93,55,'home',NULL,NULL),(102,94,55,'away',NULL,NULL),(103,94,56,'home',NULL,NULL),(104,93,56,'away',NULL,NULL),(105,93,57,'home',NULL,NULL),(106,94,57,'away',NULL,NULL),(107,94,58,'home',NULL,NULL),(108,93,58,'away',NULL,NULL),(109,93,59,'home',NULL,NULL),(110,94,59,'away',NULL,NULL),(111,94,60,'home',NULL,NULL),(112,93,60,'away',NULL,NULL),(113,94,61,'home',NULL,NULL),(114,93,61,'away',NULL,NULL),(115,93,62,'home',NULL,NULL),(116,94,62,'away',NULL,NULL),(117,93,63,'home',NULL,NULL),(118,94,63,'away',NULL,NULL),(119,94,64,'home',NULL,NULL),(120,93,64,'away',NULL,NULL),(121,94,65,'home',NULL,NULL),(122,93,65,'away',NULL,NULL),(123,93,66,'home',NULL,NULL),(124,94,66,'away',NULL,NULL),(125,94,67,'home',NULL,NULL),(126,93,67,'away',NULL,NULL),(127,93,68,'home',NULL,NULL),(128,94,68,'away',NULL,NULL),(129,94,69,'home',NULL,NULL),(130,93,69,'away',NULL,NULL),(131,94,70,'home',NULL,NULL),(132,93,70,'away',NULL,NULL),(133,84,71,'home','2022-04-02 17:14:40','2022-04-02 17:14:40'),(134,94,71,'away','2022-04-02 17:15:33','2022-04-02 17:15:33'),(135,91,72,'home',NULL,NULL),(136,94,72,'away',NULL,NULL),(137,91,73,'home',NULL,NULL),(138,94,73,'away',NULL,NULL),(139,94,74,'home',NULL,NULL),(140,91,74,'away',NULL,NULL),(141,91,75,'home',NULL,NULL),(142,94,75,'away',NULL,NULL),(143,94,76,'home',NULL,NULL),(144,91,76,'away',NULL,NULL),(145,91,77,'home',NULL,NULL),(146,94,77,'away',NULL,NULL),(147,91,78,'home',NULL,NULL),(148,94,78,'away',NULL,NULL),(149,94,79,'home',NULL,NULL),(150,91,79,'away',NULL,NULL),(151,91,80,'home',NULL,NULL),(152,94,80,'away',NULL,NULL),(153,94,81,'home',NULL,NULL),(154,91,81,'away',NULL,NULL),(155,91,82,'home',NULL,NULL),(156,94,82,'away',NULL,NULL),(157,91,83,'home',NULL,NULL),(158,94,83,'away',NULL,NULL),(159,94,84,'home',NULL,NULL),(160,91,84,'away',NULL,NULL),(161,91,85,'home',NULL,NULL),(162,94,85,'away',NULL,NULL),(163,91,86,'home',NULL,NULL),(164,94,86,'away',NULL,NULL),(165,91,87,'home',NULL,NULL),(166,94,87,'away',NULL,NULL),(167,94,88,'home',NULL,NULL),(168,91,88,'away',NULL,NULL),(169,94,89,'home',NULL,NULL),(170,91,89,'away',NULL,NULL),(171,91,90,'home',NULL,NULL),(172,94,90,'away',NULL,NULL),(173,91,91,'home',NULL,NULL),(174,94,91,'away',NULL,NULL),(175,94,92,'home',NULL,NULL),(176,91,92,'away',NULL,NULL),(177,94,93,'home',NULL,NULL),(178,91,93,'away',NULL,NULL),(179,91,94,'home',NULL,NULL),(180,94,94,'away',NULL,NULL),(181,91,95,'home',NULL,NULL),(182,94,95,'away',NULL,NULL),(183,94,96,'home',NULL,NULL),(184,91,96,'away',NULL,NULL),(185,91,97,'home',NULL,NULL),(186,94,97,'away',NULL,NULL),(187,94,98,'home',NULL,NULL),(188,95,98,'away',NULL,NULL),(189,94,99,'home',NULL,NULL),(190,95,99,'away',NULL,NULL),(191,95,100,'home',NULL,NULL),(192,94,100,'away',NULL,NULL),(193,95,101,'home',NULL,NULL),(194,94,101,'away',NULL,NULL),(195,95,102,'home',NULL,NULL),(196,94,102,'away',NULL,NULL),(197,94,103,'home',NULL,NULL),(198,95,103,'away',NULL,NULL),(199,94,104,'home',NULL,NULL),(200,95,104,'away',NULL,NULL),(201,95,105,'home',NULL,NULL),(202,94,105,'away',NULL,NULL),(203,94,106,'home',NULL,NULL),(204,95,106,'away',NULL,NULL),(205,94,107,'home',NULL,NULL),(206,97,107,'away',NULL,NULL),(207,97,108,'home',NULL,NULL),(208,94,108,'away',NULL,NULL),(209,94,109,'home',NULL,NULL),(210,97,109,'away',NULL,NULL),(211,97,110,'home',NULL,NULL),(212,94,110,'away',NULL,NULL),(213,94,111,'home',NULL,NULL),(214,97,111,'away',NULL,NULL),(215,97,112,'home',NULL,NULL),(216,94,112,'away',NULL,NULL),(217,94,113,'home',NULL,NULL),(218,97,113,'away',NULL,NULL),(219,94,114,'home',NULL,NULL),(220,97,114,'away',NULL,NULL),(221,97,115,'home',NULL,NULL),(222,94,115,'away',NULL,NULL),(223,97,116,'home',NULL,NULL),(224,94,116,'away',NULL,NULL),(225,94,117,'home',NULL,NULL),(226,97,117,'away',NULL,NULL),(227,94,118,'home',NULL,NULL),(228,97,118,'away',NULL,NULL),(229,97,119,'home',NULL,NULL),(230,94,119,'away',NULL,NULL),(231,97,120,'home',NULL,NULL),(232,94,120,'away',NULL,NULL),(233,94,121,'home',NULL,NULL),(234,97,121,'away',NULL,NULL),(235,97,122,'home',NULL,NULL),(236,94,122,'away',NULL,NULL),(237,94,123,'home',NULL,NULL),(238,97,123,'away',NULL,NULL),(239,94,124,'home',NULL,NULL),(240,97,124,'away',NULL,NULL),(241,97,125,'home',NULL,NULL),(242,94,125,'away',NULL,NULL),(243,97,126,'home',NULL,NULL),(244,94,126,'away',NULL,NULL),(245,94,127,'home',NULL,NULL),(246,97,127,'away',NULL,NULL),(247,94,128,'home',NULL,NULL),(248,97,128,'away',NULL,NULL),(249,94,129,'home',NULL,NULL),(250,97,129,'away',NULL,NULL),(251,97,130,'home',NULL,NULL),(252,94,130,'away',NULL,NULL),(253,94,131,'home',NULL,NULL),(254,97,131,'away',NULL,NULL),(255,97,132,'home',NULL,NULL),(256,94,132,'away',NULL,NULL),(257,94,133,'home',NULL,NULL),(258,83,133,'away',NULL,NULL),(259,94,134,'home',NULL,NULL),(260,83,134,'away',NULL,NULL),(261,83,135,'home',NULL,NULL),(262,94,135,'away',NULL,NULL),(263,94,136,'home',NULL,NULL),(264,83,136,'away',NULL,NULL),(265,83,137,'home',NULL,NULL),(266,94,137,'away',NULL,NULL),(267,83,138,'home',NULL,NULL),(268,94,138,'away',NULL,NULL),(269,94,139,'home',NULL,NULL),(270,83,139,'away',NULL,NULL),(271,94,140,'home',NULL,NULL),(272,83,140,'away',NULL,NULL),(273,83,141,'home',NULL,NULL),(274,94,141,'away',NULL,NULL),(275,94,142,'home',NULL,NULL),(276,83,142,'away',NULL,NULL),(277,94,143,'home',NULL,NULL),(278,83,143,'away',NULL,NULL),(279,83,144,'home',NULL,NULL),(280,94,144,'away',NULL,NULL),(281,94,145,'home',NULL,NULL),(282,83,145,'away',NULL,NULL),(283,83,146,'home',NULL,NULL),(284,94,146,'away',NULL,NULL),(285,94,147,'home',NULL,NULL),(286,83,147,'away',NULL,NULL),(287,83,148,'home',NULL,NULL),(288,94,148,'away',NULL,NULL),(289,83,149,'home',NULL,NULL),(290,94,149,'away',NULL,NULL),(291,94,150,'home',NULL,NULL),(292,83,150,'away',NULL,NULL),(293,83,151,'home',NULL,NULL),(294,94,151,'away',NULL,NULL),(295,94,152,'home',NULL,NULL),(296,83,152,'away',NULL,NULL),(297,81,153,'home',NULL,NULL),(298,94,153,'away',NULL,NULL),(299,81,154,'home',NULL,NULL),(300,94,154,'away',NULL,NULL),(301,94,155,'home',NULL,NULL),(302,81,155,'away',NULL,NULL),(303,94,156,'home',NULL,NULL),(304,81,156,'away',NULL,NULL),(305,81,157,'home',NULL,NULL),(306,94,157,'away',NULL,NULL),(307,94,158,'home',NULL,NULL),(308,81,158,'away',NULL,NULL),(309,81,159,'home',NULL,NULL),(310,94,159,'away',NULL,NULL),(311,94,160,'home',NULL,NULL),(312,81,160,'away',NULL,NULL),(313,94,161,'home',NULL,NULL),(314,81,161,'away',NULL,NULL),(315,81,162,'home',NULL,NULL),(316,94,162,'away',NULL,NULL),(317,81,163,'home',NULL,NULL),(318,94,163,'away',NULL,NULL),(319,94,164,'home',NULL,NULL),(320,81,164,'away',NULL,NULL),(321,81,165,'home',NULL,NULL),(322,94,165,'away',NULL,NULL),(323,94,166,'home',NULL,NULL),(324,81,166,'away',NULL,NULL),(325,94,167,'home',NULL,NULL),(326,81,167,'away',NULL,NULL),(327,94,168,'home',NULL,NULL),(328,81,168,'away',NULL,NULL),(329,81,169,'home',NULL,NULL),(330,94,169,'away',NULL,NULL),(331,81,170,'home',NULL,NULL),(332,94,170,'away',NULL,NULL),(333,94,171,'home',NULL,NULL),(334,81,171,'away',NULL,NULL),(335,94,172,'home',NULL,NULL),(336,81,172,'away',NULL,NULL),(337,81,173,'home',NULL,NULL),(338,94,173,'away',NULL,NULL),(339,94,174,'home',NULL,NULL),(340,81,174,'away',NULL,NULL),(341,81,175,'home',NULL,NULL),(342,94,175,'away',NULL,NULL),(343,94,176,'home',NULL,NULL),(344,81,176,'away',NULL,NULL),(345,81,177,'home',NULL,NULL),(346,94,177,'away',NULL,NULL),(347,81,178,'home',NULL,NULL),(348,94,178,'away',NULL,NULL),(349,94,179,'home',NULL,NULL),(350,81,179,'away',NULL,NULL),(351,81,180,'home',NULL,NULL),(352,94,180,'away',NULL,NULL),(353,94,181,'home',NULL,NULL),(354,81,181,'away',NULL,NULL),(355,94,182,'home',NULL,NULL),(356,81,182,'away',NULL,NULL),(357,94,183,'home',NULL,NULL),(358,79,183,'away',NULL,NULL),(359,94,184,'home',NULL,NULL),(360,79,184,'away',NULL,NULL),(361,79,185,'home',NULL,NULL),(362,94,185,'away',NULL,NULL),(363,79,186,'home',NULL,NULL),(364,94,186,'away',NULL,NULL),(365,94,187,'home',NULL,NULL),(366,79,187,'away',NULL,NULL),(367,94,188,'home',NULL,NULL),(368,79,188,'away',NULL,NULL),(369,94,189,'home',NULL,NULL),(370,79,189,'away',NULL,NULL),(371,79,190,'home',NULL,NULL),(372,94,190,'away',NULL,NULL),(373,79,191,'home',NULL,NULL),(374,94,191,'away',NULL,NULL),(375,94,192,'home',NULL,NULL),(376,79,192,'away',NULL,NULL),(377,94,193,'home',NULL,NULL),(378,79,193,'away',NULL,NULL),(379,79,194,'home',NULL,NULL),(380,94,194,'away',NULL,NULL),(381,79,195,'home',NULL,NULL),(382,94,195,'away',NULL,NULL),(383,94,196,'home',NULL,NULL),(384,79,196,'away',NULL,NULL),(385,79,197,'home',NULL,NULL),(386,94,197,'away',NULL,NULL),(387,94,198,'home',NULL,NULL),(388,79,198,'away',NULL,NULL),(389,94,199,'home',NULL,NULL),(390,79,199,'away',NULL,NULL),(391,79,200,'home',NULL,NULL),(392,94,200,'away',NULL,NULL),(393,94,201,'home',NULL,NULL),(394,79,201,'away',NULL,NULL),(395,79,202,'home',NULL,NULL),(396,94,202,'away',NULL,NULL),(397,94,203,'home',NULL,NULL),(398,79,203,'away',NULL,NULL),(399,94,204,'home',NULL,NULL),(400,79,204,'away',NULL,NULL),(401,79,205,'home',NULL,NULL),(402,94,205,'away',NULL,NULL),(403,79,206,'home',NULL,NULL),(404,94,206,'away',NULL,NULL),(405,94,207,'home',NULL,NULL),(406,79,207,'away',NULL,NULL),(407,94,208,'home',NULL,NULL),(408,79,208,'away',NULL,NULL),(409,79,209,'home',NULL,NULL),(410,94,209,'away',NULL,NULL),(411,79,210,'home',NULL,NULL),(412,94,210,'away',NULL,NULL),(413,79,211,'home',NULL,NULL),(414,94,211,'away',NULL,NULL),(415,94,212,'home',NULL,NULL),(416,79,212,'away',NULL,NULL),(417,79,213,'home',NULL,NULL),(418,94,213,'away',NULL,NULL),(419,93,214,'home',NULL,NULL),(420,94,214,'away',NULL,NULL),(421,94,215,'home',NULL,NULL),(422,91,215,'away',NULL,NULL),(423,95,216,'home',NULL,NULL),(424,94,216,'away',NULL,NULL),(425,94,217,'home',NULL,NULL),(426,97,217,'away',NULL,NULL),(427,94,218,'home',NULL,NULL),(428,83,218,'away',NULL,NULL),(429,94,219,'home',NULL,NULL),(430,83,219,'away',NULL,NULL),(431,83,220,'home',NULL,NULL),(432,94,220,'away',NULL,NULL),(433,94,221,'home',NULL,NULL),(434,83,221,'away',NULL,NULL),(435,83,222,'home',NULL,NULL),(436,94,222,'away',NULL,NULL),(437,83,223,'home',NULL,NULL),(438,94,223,'away',NULL,NULL),(439,94,224,'home',NULL,NULL),(440,83,224,'away',NULL,NULL),(441,94,225,'home',NULL,NULL),(442,83,225,'away',NULL,NULL),(443,83,226,'home',NULL,NULL),(444,94,226,'away',NULL,NULL),(445,94,227,'home',NULL,NULL),(446,83,227,'away',NULL,NULL),(447,94,228,'home',NULL,NULL),(448,83,228,'away',NULL,NULL),(449,83,229,'home',NULL,NULL),(450,94,229,'away',NULL,NULL),(451,94,230,'home',NULL,NULL),(452,83,230,'away',NULL,NULL),(453,83,231,'home',NULL,NULL),(454,94,231,'away',NULL,NULL),(455,94,232,'home',NULL,NULL),(456,83,232,'away',NULL,NULL),(457,83,233,'home',NULL,NULL),(458,94,233,'away',NULL,NULL),(459,83,234,'home',NULL,NULL),(460,94,234,'away',NULL,NULL),(461,94,235,'home',NULL,NULL),(462,83,235,'away',NULL,NULL),(463,83,236,'home',NULL,NULL),(464,94,236,'away',NULL,NULL),(465,94,237,'home',NULL,NULL),(466,83,237,'away',NULL,NULL),(467,81,238,'home',NULL,NULL),(468,94,238,'away',NULL,NULL),(469,81,239,'home',NULL,NULL),(470,94,239,'away',NULL,NULL),(471,94,240,'home',NULL,NULL),(472,81,240,'away',NULL,NULL),(473,94,241,'home',NULL,NULL),(474,81,241,'away',NULL,NULL),(475,81,242,'home',NULL,NULL),(476,94,242,'away',NULL,NULL),(477,94,243,'home',NULL,NULL),(478,81,243,'away',NULL,NULL),(479,81,244,'home',NULL,NULL),(480,94,244,'away',NULL,NULL),(481,94,245,'home',NULL,NULL),(482,81,245,'away',NULL,NULL),(483,94,246,'home',NULL,NULL),(484,81,246,'away',NULL,NULL),(485,81,247,'home',NULL,NULL),(486,94,247,'away',NULL,NULL),(487,81,248,'home',NULL,NULL),(488,94,248,'away',NULL,NULL),(489,94,249,'home',NULL,NULL),(490,81,249,'away',NULL,NULL),(491,81,250,'home',NULL,NULL),(492,94,250,'away',NULL,NULL),(493,94,251,'home',NULL,NULL),(494,81,251,'away',NULL,NULL),(495,94,252,'home',NULL,NULL),(496,81,252,'away',NULL,NULL),(497,94,253,'home',NULL,NULL),(498,81,253,'away',NULL,NULL),(499,81,254,'home',NULL,NULL),(500,94,254,'away',NULL,NULL),(501,81,255,'home',NULL,NULL),(502,94,255,'away',NULL,NULL),(503,94,256,'home',NULL,NULL),(504,81,256,'away',NULL,NULL),(505,94,257,'home',NULL,NULL),(506,81,257,'away',NULL,NULL),(507,81,258,'home',NULL,NULL),(508,94,258,'away',NULL,NULL),(509,94,259,'home',NULL,NULL),(510,81,259,'away',NULL,NULL),(511,81,260,'home',NULL,NULL),(512,94,260,'away',NULL,NULL),(513,94,261,'home',NULL,NULL),(514,81,261,'away',NULL,NULL),(515,81,262,'home',NULL,NULL),(516,94,262,'away',NULL,NULL),(517,81,263,'home',NULL,NULL),(518,94,263,'away',NULL,NULL),(519,94,264,'home',NULL,NULL),(520,81,264,'away',NULL,NULL),(521,81,265,'home',NULL,NULL),(522,94,265,'away',NULL,NULL),(523,94,266,'home',NULL,NULL),(524,81,266,'away',NULL,NULL),(525,94,267,'home',NULL,NULL),(526,81,267,'away',NULL,NULL),(527,94,268,'home',NULL,NULL),(528,79,268,'away',NULL,NULL),(529,94,269,'home',NULL,NULL),(530,79,269,'away',NULL,NULL),(531,79,270,'home',NULL,NULL),(532,94,270,'away',NULL,NULL),(533,79,271,'home',NULL,NULL),(534,94,271,'away',NULL,NULL),(535,94,272,'home',NULL,NULL),(536,79,272,'away',NULL,NULL),(537,94,273,'home',NULL,NULL),(538,79,273,'away',NULL,NULL),(539,94,274,'home',NULL,NULL),(540,79,274,'away',NULL,NULL),(541,79,275,'home',NULL,NULL),(542,94,275,'away',NULL,NULL),(543,79,276,'home',NULL,NULL),(544,94,276,'away',NULL,NULL),(545,94,277,'home',NULL,NULL),(546,79,277,'away',NULL,NULL),(547,94,278,'home',NULL,NULL),(548,79,278,'away',NULL,NULL),(549,79,279,'home',NULL,NULL),(550,94,279,'away',NULL,NULL),(551,79,280,'home',NULL,NULL),(552,94,280,'away',NULL,NULL),(553,94,281,'home',NULL,NULL),(554,79,281,'away',NULL,NULL),(555,79,282,'home',NULL,NULL),(556,94,282,'away',NULL,NULL),(557,94,283,'home',NULL,NULL),(558,79,283,'away',NULL,NULL),(559,94,284,'home',NULL,NULL),(560,79,284,'away',NULL,NULL),(561,79,285,'home',NULL,NULL),(562,94,285,'away',NULL,NULL),(563,94,286,'home',NULL,NULL),(564,79,286,'away',NULL,NULL),(565,79,287,'home',NULL,NULL),(566,94,287,'away',NULL,NULL),(567,94,288,'home',NULL,NULL),(568,79,288,'away',NULL,NULL),(569,94,289,'home',NULL,NULL),(570,79,289,'away',NULL,NULL),(571,79,290,'home',NULL,NULL),(572,94,290,'away',NULL,NULL),(573,79,291,'home',NULL,NULL),(574,94,291,'away',NULL,NULL),(575,94,292,'home',NULL,NULL),(576,79,292,'away',NULL,NULL),(577,94,293,'home',NULL,NULL),(578,79,293,'away',NULL,NULL),(579,79,294,'home',NULL,NULL),(580,94,294,'away',NULL,NULL),(581,79,295,'home',NULL,NULL),(582,94,295,'away',NULL,NULL),(583,79,296,'home',NULL,NULL),(584,94,296,'away',NULL,NULL),(585,94,297,'home',NULL,NULL),(586,79,297,'away',NULL,NULL),(587,79,298,'home',NULL,NULL),(588,94,298,'away',NULL,NULL),(711,1063,360,'home',NULL,NULL),(712,94,360,'away',NULL,NULL),(713,94,361,'home',NULL,NULL),(714,1063,361,'away',NULL,NULL),(715,1063,362,'home',NULL,NULL),(716,94,362,'away',NULL,NULL),(717,1063,363,'home',NULL,NULL),(718,94,363,'away',NULL,NULL),(719,94,364,'home',NULL,NULL),(720,1063,364,'away',NULL,NULL),(721,94,365,'home',NULL,NULL),(722,1063,365,'away',NULL,NULL),(723,1063,366,'home',NULL,NULL),(724,94,366,'away',NULL,NULL),(725,94,367,'home',NULL,NULL),(726,1063,367,'away',NULL,NULL),(727,1063,368,'home',NULL,NULL),(728,94,368,'away',NULL,NULL),(729,1063,369,'home',NULL,NULL),(730,94,369,'away',NULL,NULL),(731,94,370,'home',NULL,NULL),(732,1063,370,'away',NULL,NULL),(733,94,371,'home',NULL,NULL),(734,1063,371,'away',NULL,NULL),(735,1063,372,'home',NULL,NULL),(736,94,372,'away',NULL,NULL),(737,94,373,'home',NULL,NULL),(738,1063,373,'away',NULL,NULL),(739,1063,374,'home',NULL,NULL),(740,94,374,'away',NULL,NULL),(741,1063,375,'home',NULL,NULL),(742,94,375,'away',NULL,NULL),(743,94,376,'home',NULL,NULL),(744,1063,376,'away',NULL,NULL),(745,1063,377,'home',NULL,NULL),(746,94,377,'away',NULL,NULL),(747,94,378,'home',NULL,NULL),(748,1063,378,'away',NULL,NULL),(749,1063,379,'home',NULL,NULL),(750,94,379,'away',NULL,NULL),(751,1063,380,'home',NULL,NULL),(752,94,380,'away',NULL,NULL),(753,94,381,'home',NULL,NULL),(754,1063,381,'away',NULL,NULL),(755,1063,382,'home',NULL,NULL),(756,94,382,'away',NULL,NULL),(757,94,383,'home',NULL,NULL),(758,1063,383,'away',NULL,NULL),(759,1063,384,'home',NULL,NULL),(760,94,384,'away',NULL,NULL),(761,94,385,'home',NULL,NULL),(762,1063,385,'away',NULL,NULL),(763,94,386,'home',NULL,NULL),(764,1063,386,'away',NULL,NULL),(765,94,387,'home',NULL,NULL),(766,1063,387,'away',NULL,NULL),(767,1063,388,'home',NULL,NULL),(768,94,388,'away',NULL,NULL),(769,1063,389,'home',NULL,NULL),(770,94,389,'away',NULL,NULL);
/*!40000 ALTER TABLE `club_h2h` ENABLE KEYS */;
UNLOCK TABLES;
DROP TABLE IF EXISTS `clubs`;
/*!40101 SET @saved_cs_client     = @@character_set_client */;
/*!50503 SET character_set_client = utf8mb4 */;
CREATE TABLE `clubs` (
  `id` bigint unsigned NOT NULL AUTO_INCREMENT,
  `name` varchar(255) CHARACTER SET utf8mb4 COLLATE utf8mb4_unicode_ci NOT NULL,
  `name2` varchar(20) CHARACTER SET utf8mb4 COLLATE utf8mb4_unicode_ci DEFAULT NULL,
  `founded` smallint DEFAULT NULL,
  `logo` varchar(255) CHARACTER SET utf8mb4 COLLATE utf8mb4_unicode_ci NOT NULL,
  `venue` varchar(255) CHARACTER SET utf8mb4 COLLATE utf8mb4_unicode_ci NOT NULL,
  `venue_logo` varchar(255) CHARACTER SET utf8mb4 COLLATE utf8mb4_unicode_ci NOT NULL,
  `created_at` timestamp NULL DEFAULT NULL,
  `updated_at` timestamp NULL DEFAULT NULL,
  PRIMARY KEY (`id`)
) ENGINE=InnoDB AUTO_INCREMENT=1064 DEFAULT CHARSET=utf8mb4 COLLATE=utf8mb4_unicode_ci;
/*!40101 SET character_set_client = @saved_cs_client */;

LOCK TABLES `clubs` WRITE;
/*!40000 ALTER TABLE `clubs` DISABLE KEYS */;
INSERT INTO `clubs` VALUES (77,'Angers',NULL,1919,'https://media.api-sports.io/football/teams/77.png','Stade Raymond-Kopa','https://media.api-sports.io/football/venues/634.png','2022-03-25 14:16:21','2022-03-25 14:16:21'),(78,'Bordeaux',NULL,1881,'https://media.api-sports.io/football/teams/78.png','Stade Matmut-Atlantique','https://media.api-sports.io/football/venues/638.png','2022-03-25 14:16:21','2022-03-25 14:16:21'),(79,'Lille',NULL,1944,'https://media.api-sports.io/football/teams/79.png','Stade Pierre-Mauroy','https://media.api-sports.io/football/venues/655.png','2022-03-25 14:16:21','2022-03-25 14:16:21'),(80,'Lyon',NULL,1950,'https://media.api-sports.io/football/teams/80.png','Groupama Stadium','https://media.api-sports.io/football/venues/666.png','2022-03-25 14:16:21','2022-03-25 14:16:21'),(81,'Marseille',NULL,1899,'https://media.api-sports.io/football/teams/81.png','Stade Orange Vélodrome','https://media.api-sports.io/football/venues/12678.png','2022-03-25 14:16:21','2022-03-25 14:16:21'),(82,'Montpellier',NULL,1974,'https://media.api-sports.io/football/teams/82.png','Stade de la Mosson','https://media.api-sports.io/football/venues/660.png','2022-03-25 14:16:21','2022-03-25 14:16:21'),(83,'Nantes',NULL,1943,'https://media.api-sports.io/football/teams/83.png','Stade de la Beaujoire - Louis Fonteneau','https://media.api-sports.io/football/venues/662.png','2022-03-25 14:16:21','2022-03-25 14:16:21'),(84,'Nice',NULL,1904,'https://media.api-sports.io/football/teams/84.png','Allianz Riviera','https://media.api-sports.io/football/venues/663.png','2022-03-25 14:16:21','2022-03-25 14:16:21'),(85,'Paris Saint Germain','Paris Saint-Germain',1970,'https://media.api-sports.io/football/teams/85.png','Parc des Princes','https://media.api-sports.io/football/venues/671.png','2022-03-25 14:16:21','2022-03-25 14:16:21'),(91,'Monaco',NULL,1919,'https://media.api-sports.io/football/teams/91.png','Stade Louis II','https://media.api-sports.io/football/venues/659.png','2022-03-25 14:16:21','2022-03-25 14:16:21'),(93,'Reims',NULL,1909,'https://media.api-sports.io/football/teams/93.png','Stade Auguste-Delaune II','https://media.api-sports.io/football/venues/674.png','2022-03-25 14:16:21','2022-03-25 14:16:21'),(94,'Rennes',NULL,1901,'https://media.api-sports.io/football/teams/94.png','Roazhon Park','https://media.api-sports.io/football/venues/680.png','2022-03-25 14:16:21','2022-03-25 14:16:21'),(95,'Strasbourg',NULL,1906,'https://media.api-sports.io/football/teams/95.png','Stade de la Meinau','https://media.api-sports.io/football/venues/681.png','2022-03-25 14:16:21','2022-03-25 14:16:21'),(97,'Lorient',NULL,1926,'https://media.api-sports.io/football/teams/97.png','Stade Yves Allainmat - Le Moustoir','https://media.api-sports.io/football/venues/656.png','2022-03-25 14:16:21','2022-03-25 14:16:21'),(99,'Clermont Foot','Clermont',1990,'https://media.api-sports.io/football/teams/99.png','Stade Gabriel Montpied','https://media.api-sports.io/football/venues/644.png','2022-03-25 14:16:21','2022-03-25 14:16:21'),(106,'Stade Brestois 29','Brest',1950,'https://media.api-sports.io/football/teams/106.png','Stade Francis-Le Blé','https://media.api-sports.io/football/venues/641.png','2022-03-25 14:16:21','2022-03-25 14:16:21'),(110,'Estac Troyes','Troyes',1986,'https://media.api-sports.io/football/teams/110.png','Stade de l\'Aube','https://media.api-sports.io/football/venues/684.png','2022-03-25 14:16:21','2022-03-25 14:16:21'),(112,'Metz',NULL,1932,'https://media.api-sports.io/football/teams/112.png','Stade Saint-Symphorien','https://media.api-sports.io/football/venues/658.png','2022-03-25 14:16:21','2022-03-25 14:16:21'),(116,'Lens',NULL,1906,'https://media.api-sports.io/football/teams/116.png','Stade Bollaert-Delelis','https://media.api-sports.io/football/venues/654.png','2022-03-25 14:16:21','2022-03-25 14:16:21'),(1063,'Saint Etienne','St-Étienne',1920,'https://media.api-sports.io/football/teams/1063.png','Stade Geoffroy-Guichard','https://media.api-sports.io/football/venues/676.png','2022-03-25 14:16:21','2022-03-25 14:16:21');
/*!40000 ALTER TABLE `clubs` ENABLE KEYS */;
UNLOCK TABLES;
DROP TABLE IF EXISTS `competitions`;
/*!40101 SET @saved_cs_client     = @@character_set_client */;
/*!50503 SET character_set_client = utf8mb4 */;
CREATE TABLE `competitions` (
  `id` bigint unsigned NOT NULL AUTO_INCREMENT,
  `name` varchar(255) CHARACTER SET utf8mb4 COLLATE utf8mb4_unicode_ci NOT NULL,
  `code` varchar(255) CHARACTER SET utf8mb4 COLLATE utf8mb4_unicode_ci NOT NULL,
  `created_at` timestamp NULL DEFAULT NULL,
  `updated_at` timestamp NULL DEFAULT NULL,
  PRIMARY KEY (`id`)
) ENGINE=InnoDB AUTO_INCREMENT=3 DEFAULT CHARSET=utf8mb4 COLLATE=utf8mb4_unicode_ci;
/*!40101 SET character_set_client = @saved_cs_client */;

LOCK TABLES `competitions` WRITE;
/*!40000 ALTER TABLE `competitions` DISABLE KEYS */;
INSERT INTO `competitions` VALUES (1,'Ligue 1','L1','2022-03-24 17:14:25','2022-03-24 17:14:25'),(2,'Coupe de France','CdF','2022-03-24 17:15:17','2022-03-24 17:15:17');
/*!40000 ALTER TABLE `competitions` ENABLE KEYS */;
UNLOCK TABLES;
DROP TABLE IF EXISTS `failed_jobs`;
/*!40101 SET @saved_cs_client     = @@character_set_client */;
/*!50503 SET character_set_client = utf8mb4 */;
CREATE TABLE `failed_jobs` (
  `id` bigint unsigned NOT NULL AUTO_INCREMENT,
  `uuid` varchar(255) CHARACTER SET utf8mb4 COLLATE utf8mb4_unicode_ci NOT NULL,
  `connection` text CHARACTER SET utf8mb4 COLLATE utf8mb4_unicode_ci NOT NULL,
  `queue` text CHARACTER SET utf8mb4 COLLATE utf8mb4_unicode_ci NOT NULL,
  `payload` longtext CHARACTER SET utf8mb4 COLLATE utf8mb4_unicode_ci NOT NULL,
  `exception` longtext CHARACTER SET utf8mb4 COLLATE utf8mb4_unicode_ci NOT NULL,
  `failed_at` timestamp NOT NULL DEFAULT CURRENT_TIMESTAMP,
  PRIMARY KEY (`id`),
  UNIQUE KEY `failed_jobs_uuid_unique` (`uuid`)
) ENGINE=InnoDB DEFAULT CHARSET=utf8mb4 COLLATE=utf8mb4_unicode_ci;
/*!40101 SET character_set_client = @saved_cs_client */;

LOCK TABLES `failed_jobs` WRITE;
/*!40000 ALTER TABLE `failed_jobs` DISABLE KEYS */;
/*!40000 ALTER TABLE `failed_jobs` ENABLE KEYS */;
UNLOCK TABLES;
DROP TABLE IF EXISTS `fixtures`;
/*!40101 SET @saved_cs_client     = @@character_set_client */;
/*!50503 SET character_set_client = utf8mb4 */;
CREATE TABLE `fixtures` (
  `id` bigint unsigned NOT NULL AUTO_INCREMENT,
  `calendar_id` bigint unsigned NOT NULL,
  `user_id` bigint unsigned NOT NULL,
  `template` mediumtext CHARACTER SET utf8mb4 COLLATE utf8mb4_unicode_ci NOT NULL,
  `created_at` timestamp NULL DEFAULT NULL,
  `updated_at` timestamp NULL DEFAULT NULL,
  PRIMARY KEY (`id`),
  KEY `fixtures_calendar_id_foreign` (`calendar_id`),
  CONSTRAINT `fixtures_calendar_id_foreign` FOREIGN KEY (`calendar_id`) REFERENCES `calendars` (`id`) ON DELETE CASCADE
) ENGINE=InnoDB AUTO_INCREMENT=46 DEFAULT CHARSET=utf8mb4 COLLATE=utf8mb4_unicode_ci;
/*!40101 SET character_set_client = @saved_cs_client */;

LOCK TABLES `fixtures` WRITE;
/*!40000 ALTER TABLE `fixtures` DISABLE KEYS */;
INSERT INTO `fixtures` VALUES (1,29,1,'[center][b]Ligue 1 - 29e journée[/b][/center]\n\n[center][b]dimanche 20 mars 2022 à 15:00 - Roazhon Park[/b][/center] \n\n[center][img]https://media.api-sports.io/football/teams/94.png[/img] | [img]https://media.api-sports.io/football/teams/112.png[/img][/center]\n\n[center][b]4e[/b] | [b]19e[/b][/center] \n[center][b]49 pts[/b] | [b]23 pts[/b][/center] \n[center][b]+30[/b] | [b]-21[/b][/center]\n\n[center]%presentation[/center]\n\n[center][b]Chiffres à domicile[/b] | [b]Chiffres à l\'extérieur[/b][/center]\n\n[center]2e | 13e[/center]\n[center]10V- 1N - 3D | 3V- 5N - 6D[/center]\n[center]31 pts | 14 pts[/center]\n[center]+24 | -11[/center]\n[center][b]Série en cours (Dom | Ext)[/b][/center]\n[center]WWWWD | LDDWD[/center]\n[center][b]Meilleurs buteurs (Dom | Ext)[/b][/center] \n[center] \n            [img]https://media.api-sports.io/football/players/21592.png[/img] | [img]https://media.api-sports.io/football/players/1275.png[/img] [img]https://media.api-sports.io/football/players/20654.png[/img] [img]https://media.api-sports.io/football/players/20537.png[/img]\n            Gaetan LABORDE (8) | Nicolas DE PREVILLE, Fabien CENTONZE, Ibrahima NIANE (2)[/center]\n\n\n\n[b]Groupes :[/b] \n\n[u](Nom de l\'équipe domicile)[/u]\n[i]Suspendu(s) : %home_team_suspension[/i] \n[i]Blessé(s) : [/i] \n[i]Groupe : %home_team_group[/i] \n\n[u](Nom de l\'équipe extérieure)[/u] \n[i]Suspendu(s) : %away_team_suspension[/i] \n[i]Blessé(s) : [/i] \n[i]Groupe : %away_team_group[/i] \n\n---\n\n[b]Les arbitres de la rencontre :[/b] \n[i]Arbitre principal : W. Delajod[/i] \n[i]Arbitres assistants : %referee_assistants [/i] \n[i]4e arbitre : %referee_fourth[/i] \n\n---\n\n[b]Les dernières confrontations :[/b] (https://www.matchendirect.fr/france/ligue-1/ cliquer sur stat des équipes)\nDate : score\nDate : score\nDate : score\nDate : score\nCouleur : (gris, nul) (rouge, défaite) (vert, victoire)\n\n[b]Bilan des confrontations :[/b]\n[img](lien mini logo équipe domicile)[/img] (nombre de victoires équipe domicile) - (nombre matchs nuls) - (nombre de victoires équipe extérieure) [img](lien mini logo équipe extérieur)[/img] (mini logo : https://www.transfermarkt.fr/ligue-1/startseite/wettbewerb/FR1 clic droit copier lien de l\'image)\n\n---\n\n[b]Diffusion télé :[/b] (Logo à trouver ici : https://www.ligue1.fr/ feuille de match)\n\n---\n\nClassement Ligue 1','2022-03-18 17:56:14','2022-03-18 17:56:14'),(2,29,1,'[center][b]Ligue 1 - 29e journée[/b][/center]\n\n[center][b]dimanche 20 mars 2022 à 15:00 - Roazhon Park[/b][/center] \n\n[center][img]https://media.api-sports.io/football/teams/94.png[/img] | [img]https://media.api-sports.io/football/teams/112.png[/img][/center]\n\n[center][b]4e[/b] | [b]19e[/b][/center] \n[center][b]49 pts[/b] | [b]23 pts[/b][/center] \n[center][b]+30[/b] | [b]-21[/b][/center]\n\n[center]%presentation[/center]\n\n[center][b]Chiffres à domicile[/b] | [b]Chiffres à l\'extérieur[/b][/center]\n\n[center]2e | 13e[/center]\n[center]10V- 1N - 3D | 3V- 5N - 6D[/center]\n[center]31 pts | 14 pts[/center]\n[center]+24 | -11[/center]\n[center][b]Série en cours (Dom | Ext)[/b][/center]\n[center]WWWWD | LDDWD[/center]\n[center][b]Meilleurs buteurs (Dom | Ext)[/b][/center] \n[center] \n            [img]https://media.api-sports.io/football/players/21592.png[/img] | [img]https://media.api-sports.io/football/players/1275.png[/img] [img]https://media.api-sports.io/football/players/20654.png[/img] [img]https://media.api-sports.io/football/players/20537.png[/img]\n            Gaetan LABORDE (8) | Nicolas DE PREVILLE, Fabien CENTONZE, Ibrahima NIANE (2)[/center]\n\n\n\n[b]Groupes :[/b] \n\n[u](Nom de l\'équipe domicile)[/u]\n[i]Suspendu(s) : %home_team_suspension[/i] \n[i]Blessé(s) : yo[/i] \n[i]Groupe : %home_team_group[/i] \n\n[u](Nom de l\'équipe extérieure)[/u] \n[i]Suspendu(s) : %away_team_suspension[/i] \n[i]Blessé(s) : yo[/i] \n[i]Groupe : %away_team_group[/i] \n\n---\n\n[b]Les arbitres de la rencontre :[/b] \n[i]Arbitre principal : W. Delajod[/i] \n[i]Arbitres assistants : %referee_assistants [/i] \n[i]4e arbitre : %referee_fourth[/i] \n\n---\n\n[b]Les dernières confrontations :[/b] (https://www.matchendirect.fr/france/ligue-1/ cliquer sur stat des équipes)\nDate : score\nDate : score\nDate : score\nDate : score\nCouleur : (gris, nul) (rouge, défaite) (vert, victoire)\n\n[b]Bilan des confrontations :[/b]\n[img](lien mini logo équipe domicile)[/img] (nombre de victoires équipe domicile) - (nombre matchs nuls) - (nombre de victoires équipe extérieure) [img](lien mini logo équipe extérieur)[/img] (mini logo : https://www.transfermarkt.fr/ligue-1/startseite/wettbewerb/FR1 clic droit copier lien de l\'image)\n\n---\n\n[b]Diffusion télé :[/b] (Logo à trouver ici : https://www.ligue1.fr/ feuille de match)\n\n---\n\nClassement Ligue 1','2022-03-18 18:10:25','2022-03-18 18:10:25'),(3,29,1,'[center][b]Ligue 1 - 29e journée[/b][/center]\n\n[center][b]dimanche 20 mars 2022 à 15:00 - Roazhon Park[/b][/center] \n\n[center][img]https://media.api-sports.io/football/teams/94.png[/img] | [img]https://media.api-sports.io/football/teams/112.png[/img][/center]\n\n[center][b]4e[/b] | [b]19e[/b][/center] \n[center][b]49 pts[/b] | [b]23 pts[/b][/center] \n[center][b]+30[/b] | [b]-21[/b][/center]\n\n[center]%presentation[/center]\n\n[center][b]Chiffres à domicile[/b] | [b]Chiffres à l\'extérieur[/b][/center]\n\n[center]2e | 13e[/center]\n[center]10V- 1N - 3D | 3V- 5N - 6D[/center]\n[center]31 pts | 14 pts[/center]\n[center]+24 | -11[/center]\n[center][b]Série en cours (Dom | Ext)[/b][/center]\n[center]WWWWD | LDDWD[/center]\n[center][b]Meilleurs buteurs (Dom | Ext)[/b][/center] \n[center] \n            [img]https://media.api-sports.io/football/players/21592.png[/img] | [img]https://media.api-sports.io/football/players/1275.png[/img] [img]https://media.api-sports.io/football/players/20654.png[/img] [img]https://media.api-sports.io/football/players/20537.png[/img]\n            Gaetan LABORDE (8) | Nicolas DE PREVILLE, Fabien CENTONZE, Ibrahima NIANE (2)[/center]\n\n\n\n[b]Groupes :[/b] \n\n[u](Nom de l\'équipe domicile)[/u]\n[i]Suspendu(s) : %home_team_suspension[/i] \n[i]Blessé(s) : L. Bade, J. Doku, J. Gelin, A. Gomis, R. Salin, K. Sulemana[/i] \n[i]Groupe : %home_team_group[/i] \n\n[u](Nom de l\'équipe extérieure)[/u] \n[i]Suspendu(s) : %away_team_suspension[/i] \n[i]Blessé(s) : M. Cabit, F. Centonze, H. Maiga, V. Pajot, M. Udol[/i] \n[i]Groupe : %away_team_group[/i] \n\n---\n\n[b]Les arbitres de la rencontre :[/b] \n[i]Arbitre principal : W. Delajod[/i] \n[i]Arbitres assistants : %referee_assistants [/i] \n[i]4e arbitre : %referee_fourth[/i] \n\n---\n\n[b]Les dernières confrontations :[/b] (https://www.matchendirect.fr/france/ligue-1/ cliquer sur stat des équipes)\nDate : score\nDate : score\nDate : score\nDate : score\nCouleur : (gris, nul) (rouge, défaite) (vert, victoire)\n\n[b]Bilan des confrontations :[/b]\n[img](lien mini logo équipe domicile)[/img] (nombre de victoires équipe domicile) - (nombre matchs nuls) - (nombre de victoires équipe extérieure) [img](lien mini logo équipe extérieur)[/img] (mini logo : https://www.transfermarkt.fr/ligue-1/startseite/wettbewerb/FR1 clic droit copier lien de l\'image)\n\n---\n\n[b]Diffusion télé :[/b] (Logo à trouver ici : https://www.ligue1.fr/ feuille de match)\n\n---\n\nClassement Ligue 1','2022-03-18 18:12:21','2022-03-18 18:12:21'),(4,30,1,'[center][b]Ligue 1 - 30e journée[/b][/center]\n\n[center][b]samedi 2 avril 2022 à 17:00 - Allianz Riviera[/b][/center] \n\n[center][img]https://media.api-sports.io/football/teams/84.png[/img] | [img]https://media.api-sports.io/football/teams/94.png[/img][/center]\n\n[center][b]4e[/b] | [b]3e[/b][/center] \n[center][b]50 pts[/b] | [b]52 pts[/b][/center] \n[center][b]+16[/b] | [b]+35[/b][/center]\n\n[center]%presentation[/center]\n\n[center][b]Chiffres à domicile[/b] | [b]Chiffres à l\'extérieur[/b][/center]\n\n[center]9e | 6e[/center]\n[center]7V- 3N - 4D | 5V- 3N - 6D[/center]\n[center]24 pts | 18 pts[/center]\n[center]+4 | +6[/center]\n[center][b]Série en cours (Dom | Ext)[/b][/center]\n[center]WWLWW | WWLLL[/center]\n[center][b]Meilleurs buteurs (Dom | Ext)[/b][/center] \n[center] \n            [img]https://media.api-sports.io/football/players/21591.png[/img] | [img]https://media.api-sports.io/football/players/663.png[/img]\n            Andy DELORT (4) | Martin TERRIER (8)[/center]\n\n\n\n[b]Groupes :[/b] \n\n[u](Nom de l\'équipe domicile)[/u]\n[i]Suspendu(s) : %home_team_suspension[/i] \n[i]Blessé(s) : [/i] \n[i]Groupe : %home_team_group[/i] \n\n[u](Nom de l\'équipe extérieure)[/u] \n[i]Suspendu(s) : %away_team_suspension[/i] \n[i]Blessé(s) : [/i] \n[i]Groupe : %away_team_group[/i] \n\n---\n\n[b]Les arbitres de la rencontre :[/b] \n[i]Arbitre principal : [/i] \n[i]Arbitres assistants : %referee_assistants [/i] \n[i]4e arbitre : %referee_fourth[/i] \n\n---\n\n[b]Les dernières confrontations :[/b] (https://www.matchendirect.fr/france/ligue-1/ cliquer sur stat des équipes)\nDate : score\nDate : score\nDate : score\nDate : score\nCouleur : (gris, nul) (rouge, défaite) (vert, victoire)\n\n[b]Bilan des confrontations :[/b]\n[img](lien mini logo équipe domicile)[/img] (nombre de victoires équipe domicile) - (nombre matchs nuls) - (nombre de victoires équipe extérieure) [img](lien mini logo équipe extérieur)[/img] (mini logo : https://www.transfermarkt.fr/ligue-1/startseite/wettbewerb/FR1 clic droit copier lien de l\'image)\n\n---\n\n[b]Diffusion télé :[/b] (Logo à trouver ici : https://www.ligue1.fr/ feuille de match)\n\n---\n\nClassement Ligue 1','2022-03-22 22:33:05','2022-03-22 22:33:05'),(5,30,1,'[center][b]Ligue 1 - 30e journée[/b][/center]\n\n[center][b]samedi 2 avril 2022 à 17:00 - Allianz Riviera[/b][/center] \n\n[center][img]https://media.api-sports.io/football/teams/84.png[/img] | [img]https://media.api-sports.io/football/teams/94.png[/img][/center]\n\n[center][b]4e[/b] | [b]3e[/b][/center] \n[center][b]50 pts[/b] | [b]52 pts[/b][/center] \n[center][b]+16[/b] | [b]+35[/b][/center]\n\n[center]%presentation[/center]\n\n[center][b]Chiffres à domicile[/b] | [b]Chiffres à l\'extérieur[/b][/center]\n\n[center]9e | 6e[/center]\n[center]7V- 3N - 4D | 5V- 3N - 6D[/center]\n[center]24 pts | 18 pts[/center]\n[center]+4 | +6[/center]\n[center][b]Série en cours (Dom | Ext)[/b][/center]\n[center]WWLWW | WWLLL[/center]\n[center][b]Meilleurs buteurs (Dom | Ext)[/b][/center] \n[center] \n            [img]https://media.api-sports.io/football/players/21591.png[/img] | [img]https://media.api-sports.io/football/players/663.png[/img]\n            Andy DELORT (4) | Martin TERRIER (8)[/center]\n\n\n\n[b]Groupes :[/b] \n\n[u](Nom de l\'équipe domicile)[/u]\n[i]Suspendu(s) : %home_team_suspension[/i] \n[i]Blessé(s) : [/i] \n[i]Groupe : %home_team_group[/i] \n\n[u](Nom de l\'équipe extérieure)[/u] \n[i]Suspendu(s) : %away_team_suspension[/i] \n[i]Blessé(s) : [/i] \n[i]Groupe : %away_team_group[/i] \n\n---\n\n[b]Les arbitres de la rencontre :[/b] \n[i]Arbitre principal : [/i] \n[i]Arbitres assistants : %referee_assistants [/i] \n[i]4e arbitre : %referee_fourth[/i] \n\n---\n\n[b]Les dernières confrontations :[/b] (https://www.matchendirect.fr/france/ligue-1/ cliquer sur stat des équipes)\nDate : score\nDate : score\nDate : score\nDate : score\nCouleur : (gris, nul) (rouge, défaite) (vert, victoire)\n\n[b]Bilan des confrontations :[/b]\n[img](lien mini logo équipe domicile)[/img] (nombre de victoires équipe domicile) - (nombre matchs nuls) - (nombre de victoires équipe extérieure) [img](lien mini logo équipe extérieur)[/img] (mini logo : https://www.transfermarkt.fr/ligue-1/startseite/wettbewerb/FR1 clic droit copier lien de l\'image)\n\n---\n\n[b]Diffusion télé :[/b] (Logo à trouver ici : https://www.ligue1.fr/ feuille de match)\n\n---\n\nClassement Ligue 1','2022-03-23 08:07:01','2022-03-23 08:07:01'),(6,30,1,'HTTP/1.0 302 Found\r\nCache-Control: no-cache, private\r\nDate:          Wed, 23 Mar 2022 10:43:46 GMT\r\nLocation:      http://localhost/create\r\n\r\n<!DOCTYPE html>\n<html>\n    <head>\n        <meta charset=\"UTF-8\" />\n        <meta http-equiv=\"refresh\" content=\"0;url=\'http://localhost/create\'\" />\n\n        <title>Redirecting to http://localhost/create</title>\n    </head>\n    <body>\n        Redirecting to <a href=\"http://localhost/create\">http://localhost/create</a>.\n    </body>\n</html>','2022-03-23 10:43:46','2022-03-23 10:43:46'),(7,30,1,'HTTP/1.0 302 Found\r\nCache-Control: no-cache, private\r\nDate:          Wed, 23 Mar 2022 10:45:15 GMT\r\nLocation:      http://localhost/create\r\n\r\n<!DOCTYPE html>\n<html>\n    <head>\n        <meta charset=\"UTF-8\" />\n        <meta http-equiv=\"refresh\" content=\"0;url=\'http://localhost/create\'\" />\n\n        <title>Redirecting to http://localhost/create</title>\n    </head>\n    <body>\n        Redirecting to <a href=\"http://localhost/create\">http://localhost/create</a>.\n    </body>\n</html>','2022-03-23 10:45:15','2022-03-23 10:45:15'),(8,30,1,'[center][b]Ligue 1 - 30e journée[/b][/center]\n\n[center][b]samedi 2 avril 2022 à 17:00 - Allianz Riviera[/b][/center] \n\n[center][img]https://media.api-sports.io/football/teams/84.png[/img] | [img]https://media.api-sports.io/football/teams/94.png[/img][/center]\n\n[center][b]4e[/b] | [b]3e[/b][/center] \n[center][b]50 pts[/b] | [b]52 pts[/b][/center] \n[center][b]+16[/b] | [b]+35[/b][/center]\n\n[center]%presentation[/center]\n\n[center][b]Chiffres à domicile[/b] | [b]Chiffres à l\'extérieur[/b][/center]\n\n[center]9e | 6e[/center]\n[center]7V- 3N - 4D | 5V- 3N - 6D[/center]\n[center]24 pts | 18 pts[/center]\n[center]+4 | +6[/center]\n[center][b]Série en cours (Dom | Ext)[/b][/center]\n[center]WWLWW | WWLLL[/center]\n[center][b]Meilleurs buteurs (Dom | Ext)[/b][/center] \n[center] \n            [img]https://media.api-sports.io/football/players/21591.png[/img] | [img]https://media.api-sports.io/football/players/663.png[/img]\n            Andy DELORT (4) | Martin TERRIER (8)[/center]\n\n\n\n[b]Groupes :[/b] \n\n[u](Nom de l\'équipe domicile)[/u]\n[i]Suspendu(s) : %home_team_suspension[/i] \n[i]Blessé(s) : yo[/i] \n[i]Groupe : %home_team_group[/i] \n\n[u](Nom de l\'équipe extérieure)[/u] \n[i]Suspendu(s) : %away_team_suspension[/i] \n[i]Blessé(s) : yo[/i] \n[i]Groupe : %away_team_group[/i] \n\n---\n\n[b]Les arbitres de la rencontre :[/b] \n[i]Arbitre principal : [/i] \n[i]Arbitres assistants : %referee_assistants [/i] \n[i]4e arbitre : %referee_fourth[/i] \n\n---\n\n[b]Les dernières confrontations :[/b] (https://www.matchendirect.fr/france/ligue-1/ cliquer sur stat des équipes)\nDate : score\nDate : score\nDate : score\nDate : score\nCouleur : (gris, nul) (rouge, défaite) (vert, victoire)\n\n[b]Bilan des confrontations :[/b]\n[img](lien mini logo équipe domicile)[/img] (nombre de victoires équipe domicile) - (nombre matchs nuls) - (nombre de victoires équipe extérieure) [img](lien mini logo équipe extérieur)[/img] (mini logo : https://www.transfermarkt.fr/ligue-1/startseite/wettbewerb/FR1 clic droit copier lien de l\'image)\n\n---\n\n[b]Diffusion télé :[/b] (Logo à trouver ici : https://www.ligue1.fr/ feuille de match)\n\n---\n\nClassement Ligue 1','2022-03-23 11:05:29','2022-03-23 11:05:29'),(9,30,1,'[center][b]Ligue 1 - 30e journée[/b][/center]\n\n[center][b]samedi 2 avril 2022 à 17:00 - Allianz Riviera[/b][/center] \n\n[center][img]https://media.api-sports.io/football/teams/84.png[/img] | [img]https://media.api-sports.io/football/teams/94.png[/img][/center]\n\n[center][b]4e[/b] | [b]3e[/b][/center] \n[center][b]50 pts[/b] | [b]52 pts[/b][/center] \n[center][b]+16[/b] | [b]+35[/b][/center]\n\n[center]%presentation[/center]\n\n[center][b]Chiffres à domicile[/b] | [b]Chiffres à l\'extérieur[/b][/center]\n\n[center]9e | 6e[/center]\n[center]7V- 3N - 4D | 5V- 3N - 6D[/center]\n[center]24 pts | 18 pts[/center]\n[center]+4 | +6[/center]\n[center][b]Série en cours (Dom | Ext)[/b][/center]\n[center]WWLWW | WWLLL[/center]\n[center][b]Meilleurs buteurs (Dom | Ext)[/b][/center] \n[center] \n            [img]https://media.api-sports.io/football/players/21591.png[/img] [img]https://media.api-sports.io/football/players/85041.png[/img] | [img]https://media.api-sports.io/football/players/663.png[/img]\n            Andy DELORT, Amine GOUIRI (3) | Martin TERRIER (8)[/center]\n\n\n\n[b]Groupes :[/b] \n\n[u](Nom de l\'équipe domicile)[/u]\n[i]Suspendu(s) : %home_team_suspension[/i] \n[i]Blessé(s) : [/i] \n[i]Groupe : %home_team_group[/i] \n\n[u](Nom de l\'équipe extérieure)[/u] \n[i]Suspendu(s) : %away_team_suspension[/i] \n[i]Blessé(s) : [/i] \n[i]Groupe : %away_team_group[/i] \n\n---\n\n[b]Les arbitres de la rencontre :[/b] \n[i]Arbitre principal : [/i] \n[i]Arbitres assistants : %referee_assistants [/i] \n[i]4e arbitre : %referee_fourth[/i] \n\n---\n\n[b]Les dernières confrontations :[/b] (https://www.matchendirect.fr/france/ligue-1/ cliquer sur stat des équipes)\nDate : score\nDate : score\nDate : score\nDate : score\nCouleur : (gris, nul) (rouge, défaite) (vert, victoire)\n\n[b]Bilan des confrontations :[/b]\n[img](lien mini logo équipe domicile)[/img] (nombre de victoires équipe domicile) - (nombre matchs nuls) - (nombre de victoires équipe extérieure) [img](lien mini logo équipe extérieur)[/img] (mini logo : https://www.transfermarkt.fr/ligue-1/startseite/wettbewerb/FR1 clic droit copier lien de l\'image)\n\n---\n\n[b]Diffusion télé :[/b] (Logo à trouver ici : https://www.ligue1.fr/ feuille de match)\n\n---\n\nClassement Ligue 1','2022-03-23 14:37:49','2022-03-23 14:37:49'),(10,30,1,'0','2022-03-25 15:38:43','2022-03-25 15:38:43'),(11,30,1,'0','2022-03-28 15:56:03','2022-03-28 15:56:03'),(12,30,1,'[center][b]Ligue 1 - 30e journée[/b][/center]\n\n[center][b]samedi 2 avril 2022 à 17:00 - Allianz Riviera[/b][/center] \n\n[center][img]https://media.api-sports.io/football/teams/84.png[/img] | [img]https://media.api-sports.io/football/teams/94.png[/img][/center]\n\n[center][b]4e[/b] | [b]3e[/b][/center] \n[center][b]50 pts[/b] | [b]52 pts[/b][/center] \n[center][b]+16[/b] | [b]+35[/b][/center]\n\n[center]%presentation[/center]\n\n[center][b]Chiffres à domicile[/b] | [b]Chiffres à l\'extérieur[/b][/center]\n\n[center]9e | 6e[/center]\n[center]7V- 3N - 4D | 5V- 3N - 6D[/center]\n[center]24 pts | 18 pts[/center]\n[center]+4 | +6[/center]\n[center][b]Série en cours (Dom | Ext)[/b][/center]\n[center]WWLWW | WWLLL[/center]\n[center][b]Meilleurs buteurs (Dom | Ext)[/b][/center] \n[center][img]https://media.api-sports.io/football/players/21591.png[/img] [img]https://media.api-sports.io/football/players/85041.png[/img] | [img]https://media.api-sports.io/football/players/663.png[/img]\nAndy DELORT, Amine GOUIRI (3) | Martin TERRIER (8)[/center]\n\n\n\n[b]Groupes :[/b] \n\n[u](Nom de l\'équipe domicile)[/u]\n[i]Suspendu(s) : %home_team_suspension[/i] \n[i]Blessé(s) : [/i] \n[i]Groupe : %home_team_group[/i] \n\n[u](Nom de l\'équipe extérieure)[/u] \n[i]Suspendu(s) : %away_team_suspension[/i] \n[i]Blessé(s) : [/i] \n[i]Groupe : %away_team_group[/i] \n\n---\n\n[b]Les arbitres de la rencontre :[/b] \n[i]Arbitre principal : [/i] \n[i]Arbitres assistants : %referee_assistants [/i] \n[i]4e arbitre : %referee_fourth[/i] \n\n---\n\n[b]Les dernières confrontations :[/b]\n17-10-2021 : Rennes 0 - 3 Rennes - Ligue 1\n04-04-2021 : Rennes 2 - 2 Rennes - Ligue 1\n20-03-2021 : Rennes 1 - 3 Rennes - Ligue 1\n13-12-2020 : Rennes 0 - 1 Rennes - Ligue 1\n13-12-2020 : Rennes 0 - 1 Rennes - Ligue 1\n\n\n\n[b]Bilan des confrontations :[/b]\n[img](lien mini logo équipe domicile)[/img] (nombre de victoires équipe domicile) - (nombre matchs nuls) - (nombre de victoires équipe extérieure) [img](lien mini logo équipe extérieur)[/img] (mini logo : https://www.transfermarkt.fr/ligue-1/startseite/wettbewerb/FR1 clic droit copier lien de l\'image)\n\n---\n\n[b]Diffusion télé :[/b] (Logo à trouver ici : https://www.ligue1.fr/ feuille de match)\n\n---\n\nClassement Ligue 1','2022-03-28 15:57:17','2022-03-28 15:57:17'),(13,30,1,'[center][b]Ligue 1 - 30e journée[/b][/center]\n\n[center][b]samedi 2 avril 2022 à 17:00 - Allianz Riviera[/b][/center] \n\n[center][img]https://media.api-sports.io/football/teams/84.png[/img] | [img]https://media.api-sports.io/football/teams/94.png[/img][/center]\n\n[center][b]4e[/b] | [b]3e[/b][/center] \n[center][b]50 pts[/b] | [b]52 pts[/b][/center] \n[center][b]+16[/b] | [b]+35[/b][/center]\n\n[center]%presentation[/center]\n\n[center][b]Chiffres à domicile[/b] | [b]Chiffres à l\'extérieur[/b][/center]\n\n[center]9e | 6e[/center]\n[center]7V- 3N - 4D | 5V- 3N - 6D[/center]\n[center]24 pts | 18 pts[/center]\n[center]+4 | +6[/center]\n[center][b]Série en cours (Dom | Ext)[/b][/center]\n[center]WWLWW | WWLLL[/center]\n[center][b]Meilleurs buteurs (Dom | Ext)[/b][/center] \n[center][img]https://media.api-sports.io/football/players/21591.png[/img] [img]https://media.api-sports.io/football/players/85041.png[/img] | [img]https://media.api-sports.io/football/players/663.png[/img]\nAndy DELORT, Amine GOUIRI (3) | Martin TERRIER (8)[/center]\n\n\n\n[b]Groupes :[/b] \n\n[u](Nom de l\'équipe domicile)[/u]\n[i]Suspendu(s) : %home_team_suspension[/i] \n[i]Blessé(s) : [/i] \n[i]Groupe : %home_team_group[/i] \n\n[u](Nom de l\'équipe extérieure)[/u] \n[i]Suspendu(s) : %away_team_suspension[/i] \n[i]Blessé(s) : [/i] \n[i]Groupe : %away_team_group[/i] \n\n---\n\n[b]Les arbitres de la rencontre :[/b] \n[i]Arbitre principal : [/i] \n[i]Arbitres assistants : %referee_assistants [/i] \n[i]4e arbitre : %referee_fourth[/i] \n\n---\n\n[b]Les dernières confrontations :[/b]\n17-10-2021 : Rennes 2 0 - 3 Rennes - Ligue 1\n04-04-2021 : Rennes 2 2 - 2 Rennes - Ligue 1\n20-03-2021 : Rennes 2 1 - 3 Rennes - Ligue 1\n13-12-2020 : Rennes 2 0 - 1 Rennes - Ligue 1\n13-12-2020 : Rennes 2 0 - 1 Rennes - Ligue 1\n\n\n\n[b]Bilan des confrontations :[/b]\n[img](lien mini logo équipe domicile)[/img] (nombre de victoires équipe domicile) - (nombre matchs nuls) - (nombre de victoires équipe extérieure) [img](lien mini logo équipe extérieur)[/img] (mini logo : https://www.transfermarkt.fr/ligue-1/startseite/wettbewerb/FR1 clic droit copier lien de l\'image)\n\n---\n\n[b]Diffusion télé :[/b] (Logo à trouver ici : https://www.ligue1.fr/ feuille de match)\n\n---\n\nClassement Ligue 1','2022-03-28 16:05:36','2022-03-28 16:05:36'),(14,30,1,'[center][b]Ligue 1 - 30e journée[/b][/center]\n\n[center][b]samedi 2 avril 2022 à 17:00 - Allianz Riviera[/b][/center] \n\n[center][img]https://media.api-sports.io/football/teams/84.png[/img] | [img]https://media.api-sports.io/football/teams/94.png[/img][/center]\n\n[center][b]4e[/b] | [b]3e[/b][/center] \n[center][b]50 pts[/b] | [b]52 pts[/b][/center] \n[center][b]+16[/b] | [b]+35[/b][/center]\n\n[center]%presentation[/center]\n\n[center][b]Chiffres à domicile[/b] | [b]Chiffres à l\'extérieur[/b][/center]\n\n[center]9e | 6e[/center]\n[center]7V- 3N - 4D | 5V- 3N - 6D[/center]\n[center]24 pts | 18 pts[/center]\n[center]+4 | +6[/center]\n[center][b]Série en cours (Dom | Ext)[/b][/center]\n[center]WWLWW | WWLLL[/center]\n[center][b]Meilleurs buteurs (Dom | Ext)[/b][/center] \n[center][img]https://media.api-sports.io/football/players/21591.png[/img] [img]https://media.api-sports.io/football/players/85041.png[/img] | [img]https://media.api-sports.io/football/players/663.png[/img]\nAndy DELORT, Amine GOUIRI (3) | Martin TERRIER (8)[/center]\n\n\n\n[b]Groupes :[/b] \n\n[u](Nom de l\'équipe domicile)[/u]\n[i]Suspendu(s) : %home_team_suspension[/i] \n[i]Blessé(s) : [/i] \n[i]Groupe : %home_team_group[/i] \n\n[u](Nom de l\'équipe extérieure)[/u] \n[i]Suspendu(s) : %away_team_suspension[/i] \n[i]Blessé(s) : [/i] \n[i]Groupe : %away_team_group[/i] \n\n---\n\n[b]Les arbitres de la rencontre :[/b] \n[i]Arbitre principal : [/i] \n[i]Arbitres assistants : %referee_assistants [/i] \n[i]4e arbitre : %referee_fourth[/i] \n\n---\n\n[b]Les dernières confrontations :[/b]\n13-12-2020 : Nice 0 - 1 Rennes 1 - Ligue 1\n13-12-2020 : Nice 0 - 1 Rennes 1 - Ligue 1\n24-01-2020 : Nice 1 - 1 Rennes 1 - Ligue 1\n14-09-2018 : Nice 2 - 1 Rennes 1 - Ligue 1\n08-04-2018 : Nice 1 - 1 Rennes 1 - Ligue 1\n\n\n\n[b]Bilan des confrontations :[/b]\n[img](lien mini logo équipe domicile)[/img] (nombre de victoires équipe domicile) - (nombre matchs nuls) - (nombre de victoires équipe extérieure) [img](lien mini logo équipe extérieur)[/img] (mini logo : https://www.transfermarkt.fr/ligue-1/startseite/wettbewerb/FR1 clic droit copier lien de l\'image)\n\n---\n\n[b]Diffusion télé :[/b] (Logo à trouver ici : https://www.ligue1.fr/ feuille de match)\n\n---\n\nClassement Ligue 1','2022-03-28 16:11:14','2022-03-28 16:11:14'),(15,30,1,'[center][b]Ligue 1 - 30e journée[/b][/center]\n\n[center][b]samedi 2 avril 2022 à 17:00 - Allianz Riviera[/b][/center] \n\n[center][img]https://media.api-sports.io/football/teams/84.png[/img] | [img]https://media.api-sports.io/football/teams/94.png[/img][/center]\n\n[center][b]4e[/b] | [b]3e[/b][/center] \n[center][b]50 pts[/b] | [b]52 pts[/b][/center] \n[center][b]+16[/b] | [b]+35[/b][/center]\n\n[center]%presentation[/center]\n\n[center][b]Chiffres à domicile[/b] | [b]Chiffres à l\'extérieur[/b][/center]\n\n[center]9e | 6e[/center]\n[center]7V- 3N - 4D | 5V- 3N - 6D[/center]\n[center]24 pts | 18 pts[/center]\n[center]+4 | +6[/center]\n[center][b]Série en cours (Dom | Ext)[/b][/center]\n[center]WWLWW | WWLLL[/center]\n[center][b]Meilleurs buteurs (Dom | Ext)[/b][/center] \n[center][img]https://media.api-sports.io/football/players/21591.png[/img] [img]https://media.api-sports.io/football/players/85041.png[/img] | [img]https://media.api-sports.io/football/players/663.png[/img]\nAndy DELORT, Amine GOUIRI (3) | Martin TERRIER (8)[/center]\n\n\n\n[b]Groupes :[/b] \n\n[u](Nom de l\'équipe domicile)[/u]\n[i]Suspendu(s) : %home_team_suspension[/i] \n[i]Blessé(s) : [/i] \n[i]Groupe : %home_team_group[/i] \n\n[u](Nom de l\'équipe extérieure)[/u] \n[i]Suspendu(s) : %away_team_suspension[/i] \n[i]Blessé(s) : [/i] \n[i]Groupe : %away_team_group[/i] \n\n---\n\n[b]Les arbitres de la rencontre :[/b] \n[i]Arbitre principal : [/i] \n[i]Arbitres assistants : %referee_assistants [/i] \n[i]4e arbitre : %referee_fourth[/i] \n\n---\n\n[b]Les dernières confrontations :[/b]\n13-12-2020 : Nice 0 - 1 Rennes 1 - Ligue 1\n24-01-2020 : Nice 1 - 1 Rennes 1 - Ligue 1\n14-09-2018 : Nice 2 - 1 Rennes 1 - Ligue 1\n08-04-2018 : Nice 1 - 1 Rennes 1 - Ligue 1\n14-08-2016 : Nice 1 - 0 Rennes 1 - Ligue 1\n\n\n\n[b]Bilan des confrontations :[/b]\n[img](lien mini logo équipe domicile)[/img] (nombre de victoires équipe domicile) - (nombre matchs nuls) - (nombre de victoires équipe extérieure) [img](lien mini logo équipe extérieur)[/img] (mini logo : https://www.transfermarkt.fr/ligue-1/startseite/wettbewerb/FR1 clic droit copier lien de l\'image)\n\n---\n\n[b]Diffusion télé :[/b] (Logo à trouver ici : https://www.ligue1.fr/ feuille de match)\n\n---\n\nClassement Ligue 1','2022-03-28 16:14:52','2022-03-28 16:14:52'),(16,30,1,'[center][b]Ligue 1 - 30e journée[/b][/center]\n\n[center][b]samedi 2 avril 2022 à 17:00 - Allianz Riviera[/b][/center] \n\n[center][img]https://media.api-sports.io/football/teams/84.png[/img] | [img]https://media.api-sports.io/football/teams/94.png[/img][/center]\n\n[center][b]4e[/b] | [b]3e[/b][/center] \n[center][b]50 pts[/b] | [b]52 pts[/b][/center] \n[center][b]+16[/b] | [b]+35[/b][/center]\n\n[center]%presentation[/center]\n\n[center][b]Chiffres à domicile[/b] | [b]Chiffres à l\'extérieur[/b][/center]\n\n[center]9e | 6e[/center]\n[center]7V- 3N - 4D | 5V- 3N - 6D[/center]\n[center]24 pts | 18 pts[/center]\n[center]+4 | +6[/center]\n[center][b]Série en cours (Dom | Ext)[/b][/center]\n[center]WWLWW | WWLLL[/center]\n[center][b]Meilleurs buteurs (Dom | Ext)[/b][/center] \n[center][img]https://media.api-sports.io/football/players/21591.png[/img] [img]https://media.api-sports.io/football/players/85041.png[/img] | [img]https://media.api-sports.io/football/players/663.png[/img]\nAndy DELORT, Amine GOUIRI (3) | Martin TERRIER (8)[/center]\n\n\n\n[b]Groupes :[/b] \n\n[u](Nom de l\'équipe domicile)[/u]\n[i]Suspendu(s) : %home_team_suspension[/i] \n[i]Blessé(s) : [/i] \n[i]Groupe : %home_team_group[/i] \n\n[u](Nom de l\'équipe extérieure)[/u] \n[i]Suspendu(s) : %away_team_suspension[/i] \n[i]Blessé(s) : [/i] \n[i]Groupe : %away_team_group[/i] \n\n---\n\n[b]Les arbitres de la rencontre :[/b] \n[i]Arbitre principal : [/i] \n[i]Arbitres assistants : %referee_assistants [/i] \n[i]4e arbitre : %referee_fourth[/i] \n\n---\n\n[b]Les dernières confrontations :[/b]\n[color=#0f5b99]13-12-2020 : Nice 0 - 1 Rennes - Ligue 1[/color]\n[color=#807F7F]24-01-2020 : Nice 1 - 1 Rennes - Ligue 1[/color]\n[color=#FE0500]14-09-2018 : Nice 2 - 1 Rennes - Ligue 1[/color]\n[color=#807F7F]08-04-2018 : Nice 1 - 1 Rennes - Ligue 1[/color]\n[color=#FE0500]14-08-2016 : Nice 1 - 0 Rennes - Ligue 1[/color]\n\n\n\n[b]Bilan des confrontations :[/b]\n[img](lien mini logo équipe domicile)[/img] (nombre de victoires équipe domicile) - (nombre matchs nuls) - (nombre de victoires équipe extérieure) [img](lien mini logo équipe extérieur)[/img] (mini logo : https://www.transfermarkt.fr/ligue-1/startseite/wettbewerb/FR1 clic droit copier lien de l\'image)\n\n---\n\n[b]Diffusion télé :[/b] (Logo à trouver ici : https://www.ligue1.fr/ feuille de match)\n\n---\n\nClassement Ligue 1','2022-03-28 16:26:07','2022-03-28 16:26:07'),(17,30,1,'[center][b]Ligue 1 - 30e journée[/b][/center]\n\n[center][b]samedi 2 avril 2022 à 17:00 - Allianz Riviera[/b][/center] \n\n[center][img]https://media.api-sports.io/football/teams/84.png[/img] | [img]https://media.api-sports.io/football/teams/94.png[/img][/center]\n\n[center][b]4e[/b] | [b]3e[/b][/center] \n[center][b]50 pts[/b] | [b]52 pts[/b][/center] \n[center][b]+16[/b] | [b]+35[/b][/center]\n\n[center]%presentation[/center]\n\n[center][b]Chiffres à domicile[/b] | [b]Chiffres à l\'extérieur[/b][/center]\n\n[center]9e | 6e[/center]\n[center]7V- 3N - 4D | 5V- 3N - 6D[/center]\n[center]24 pts | 18 pts[/center]\n[center]+4 | +6[/center]\n[center][b]Série en cours (Dom | Ext)[/b][/center]\n[center]WWLWW | WWLLL[/center]\n[center][b]Meilleurs buteurs (Dom | Ext)[/b][/center] \n[center][img]https://media.api-sports.io/football/players/21591.png[/img] [img]https://media.api-sports.io/football/players/85041.png[/img] | [img]https://media.api-sports.io/football/players/663.png[/img]\nAndy DELORT, Amine GOUIRI (3) | Martin TERRIER (8)[/center]\n\n\n\n[b]Groupes :[/b] \n\n[u](Nom de l\'équipe domicile)[/u]\n[i]Suspendu(s) : %home_team_suspension[/i] \n[i]Blessé(s) : [/i] \n[i]Groupe : %home_team_group[/i] \n\n[u](Nom de l\'équipe extérieure)[/u] \n[i]Suspendu(s) : %away_team_suspension[/i] \n[i]Blessé(s) : [/i] \n[i]Groupe : %away_team_group[/i] \n\n---\n\n[b]Les arbitres de la rencontre :[/b] \n[i]Arbitre principal : [/i] \n[i]Arbitres assistants : %referee_assistants [/i] \n[i]4e arbitre : %referee_fourth[/i] \n\n---\n\n[b]Les dernières confrontations :[/b]\n[color=#0f5b99]13-12-2020 : Nice 0 - 1 Rennes - Ligue 1[/color]\n[color=#807F7F]24-01-2020 : Nice 1 - 1 Rennes - Ligue 1[/color]\n[color=#FE0500]14-09-2018 : Nice 2 - 1 Rennes - Ligue 1[/color]\n[color=#807F7F]08-04-2018 : Nice 1 - 1 Rennes - Ligue 1[/color]\n[color=#FE0500]14-08-2016 : Nice 1 - 0 Rennes - Ligue 1[/color]\n\n\n\n[b]Bilan des confrontations :[/b]\n[img]https://media.api-sports.io/football/teams/84.png[/img] %stats_home_win - %stats_draw - %stats_away_win [img]https://media.api-sports.io/football/teams/94.png[/img]\n---\n\n[b]Diffusion télé :[/b] (Logo à trouver ici : https://www.ligue1.fr/ feuille de match)\n\n---\n\nClassement Ligue 1','2022-03-28 16:42:36','2022-03-28 16:42:36'),(18,30,1,'[center][b]Ligue 1 - 30e journée[/b][/center]\n\n[center][b]samedi 2 avril 2022 à 17:00 - Allianz Riviera[/b][/center] \n\n[center][img]https://media.api-sports.io/football/teams/84.png[/img] | [img]https://media.api-sports.io/football/teams/94.png[/img][/center]\n\n[center][b]4e[/b] | [b]3e[/b][/center] \n[center][b]50 pts[/b] | [b]52 pts[/b][/center] \n[center][b]+16[/b] | [b]+35[/b][/center]\n\n[center]%presentation[/center]\n\n[center][b]Chiffres à domicile[/b] | [b]Chiffres à l\'extérieur[/b][/center]\n\n[center]9e | 6e[/center]\n[center]7V- 3N - 4D | 5V- 3N - 6D[/center]\n[center]24 pts | 18 pts[/center]\n[center]+4 | +6[/center]\n[center][b]Série en cours (Dom | Ext)[/b][/center]\n[center]WWLWW | WWLLL[/center]\n[center][b]Meilleurs buteurs (Dom | Ext)[/b][/center] \n[center][img]https://media.api-sports.io/football/players/21591.png[/img] [img]https://media.api-sports.io/football/players/85041.png[/img] | [img]https://media.api-sports.io/football/players/663.png[/img]\nAndy DELORT, Amine GOUIRI (3) | Martin TERRIER (8)[/center]\n\n\n\n[b]Groupes :[/b] \n\n[u](Nom de l\'équipe domicile)[/u]\n[i]Suspendu(s) : %home_team_suspension[/i] \n[i]Blessé(s) : [/i] \n[i]Groupe : %home_team_group[/i] \n\n[u](Nom de l\'équipe extérieure)[/u] \n[i]Suspendu(s) : %away_team_suspension[/i] \n[i]Blessé(s) : [/i] \n[i]Groupe : %away_team_group[/i] \n\n---\n\n[b]Les arbitres de la rencontre :[/b] \n[i]Arbitre principal : [/i] \n[i]Arbitres assistants : %referee_assistants [/i] \n[i]4e arbitre : %referee_fourth[/i] \n\n---\n\n[b]Les dernières confrontations :[/b]\n[color=#0f5b99]13-12-2020 : Nice 0 - 1 Rennes - Ligue 1[/color]\n[color=#807F7F]24-01-2020 : Nice 1 - 1 Rennes - Ligue 1[/color]\n[color=#FE0500]14-09-2018 : Nice 2 - 1 Rennes - Ligue 1[/color]\n[color=#807F7F]08-04-2018 : Nice 1 - 1 Rennes - Ligue 1[/color]\n[color=#FE0500]14-08-2016 : Nice 1 - 0 Rennes - Ligue 1[/color]\n\n\n\n[b]Bilan des confrontations :[/b]\n[img]https://media.api-sports.io/football/teams/84.png[/img] 2 - 2 - 1 [img]https://media.api-sports.io/football/teams/94.png[/img]\n---\n\n[b]Diffusion télé :[/b] (Logo à trouver ici : https://www.ligue1.fr/ feuille de match)\n\n---\n\nClassement Ligue 1','2022-03-28 16:43:15','2022-03-28 16:43:15'),(19,30,1,'[center][b]Ligue 1 - 30e journée[/b][/center]\n\n[center][b]samedi 2 avril 2022 à 17:00 - Allianz Riviera[/b][/center] \n\n[center][img]https://media.api-sports.io/football/teams/84.png[/img] | [img]https://media.api-sports.io/football/teams/94.png[/img][/center]\n\n[center][b]4e[/b] | [b]3e[/b][/center] \n[center][b]50 pts[/b] | [b]52 pts[/b][/center] \n[center][b]+16[/b] | [b]+35[/b][/center]\n\n[center]%presentation[/center]\n\n[center][b]Chiffres à domicile[/b] | [b]Chiffres à l\'extérieur[/b][/center]\n\n[center]9e | 6e[/center]\n[center]7V- 3N - 4D | 5V- 3N - 6D[/center]\n[center]24 pts | 18 pts[/center]\n[center]+4 | +6[/center]\n[center][b]Série en cours (Dom | Ext)[/b][/center]\n[center]WWLWW | WWLLL[/center]\n[center][b]Meilleurs buteurs (Dom | Ext)[/b][/center] \n[center][img]https://media.api-sports.io/football/players/21591.png[/img] [img]https://media.api-sports.io/football/players/85041.png[/img] | [img]https://media.api-sports.io/football/players/663.png[/img]\nAndy DELORT, Amine GOUIRI (3) | Martin TERRIER (8)[/center]\n\n\n\n[b]Groupes :[/b] \n\n[u](Nom de l\'équipe domicile)[/u]\n[i]Suspendu(s) : %home_team_suspension[/i] \n[i]Blessé(s) : [/i] \n[i]Groupe : %home_team_group[/i] \n\n[u](Nom de l\'équipe extérieure)[/u] \n[i]Suspendu(s) : %away_team_suspension[/i] \n[i]Blessé(s) : [/i] \n[i]Groupe : %away_team_group[/i] \n\n---\n\n[b]Les arbitres de la rencontre :[/b] \n[i]Arbitre principal : [/i] \n[i]Arbitres assistants : %referee_assistants [/i] \n[i]4e arbitre : %referee_fourth[/i] \n\n---\n\n[b]Les dernières confrontations :[/b]\n[color=#0f5b99]13-12-2020 : Nice 0 - 1 Rennes - Ligue 1[/color]\n[color=#807F7F]24-01-2020 : Nice 1 - 1 Rennes - Ligue 1[/color]\n[color=#FE0500]14-09-2018 : Nice 2 - 1 Rennes - Ligue 1[/color]\n[color=#807F7F]08-04-2018 : Nice 1 - 1 Rennes - Ligue 1[/color]\n[color=#FE0500]14-08-2016 : Nice 1 - 0 Rennes - Ligue 1[/color]\n\n\n\n[b]Bilan des confrontations :[/b]\n[img]https://media.api-sports.io/football/teams/84.png[/img] 6 - 5 - 4 [img]https://media.api-sports.io/football/teams/94.png[/img]\n---\n\n[b]Diffusion télé :[/b] (Logo à trouver ici : https://www.ligue1.fr/ feuille de match)\n\n---\n\nClassement Ligue 1','2022-03-28 16:43:28','2022-03-28 16:43:28'),(20,30,1,'[center][b]Ligue 1 - 30e journée[/b][/center]\n\n[center][b]samedi 2 avril 2022 à 17:00 - Allianz Riviera[/b][/center] \n\n[center][img]https://media.api-sports.io/football/teams/84.png[/img] | [img]https://media.api-sports.io/football/teams/94.png[/img][/center]\n\n[center][b]4e[/b] | [b]3e[/b][/center] \n[center][b]50 pts[/b] | [b]52 pts[/b][/center] \n[center][b]+16[/b] | [b]+35[/b][/center]\n\n[center]%presentation[/center]\n\n[center][b]Chiffres à domicile[/b] | [b]Chiffres à l\'extérieur[/b][/center]\n\n[center]9e | 6e[/center]\n[center]7V- 3N - 4D | 5V- 3N - 6D[/center]\n[center]24 pts | 18 pts[/center]\n[center]+4 | +6[/center]\n[center][b]Série en cours (Dom | Ext)[/b][/center]\n[center]WWLWW | WWLLL[/center]\n[center][b]Meilleurs buteurs (Dom | Ext)[/b][/center] \n[center][img]https://media.api-sports.io/football/players/21591.png[/img] [img]https://media.api-sports.io/football/players/85041.png[/img] | [img]https://media.api-sports.io/football/players/663.png[/img]\nAndy DELORT, Amine GOUIRI (3) | Martin TERRIER (8)[/center]\n\n\n\n[b]Groupes :[/b] \n\n[u](Nom de l\'équipe domicile)[/u]\n[i]Suspendu(s) : %home_team_suspension[/i] \n[i]Blessé(s) : [/i] \n[i]Groupe : %home_team_group[/i] \n\n[u](Nom de l\'équipe extérieure)[/u] \n[i]Suspendu(s) : %away_team_suspension[/i] \n[i]Blessé(s) : [/i] \n[i]Groupe : %away_team_group[/i] \n\n---\n\n[b]Les arbitres de la rencontre :[/b] \n[i]Arbitre principal : [/i] \n[i]Arbitres assistants : %referee_assistants [/i] \n[i]4e arbitre : %referee_fourth[/i] \n\n---\n\n[b]Les dernières confrontations :[/b]\n[color=#0f5b99]13-12-2020 : Nice 0 - 1 Rennes - Ligue 1[/color]\n[color=#807F7F]24-01-2020 : Nice 1 - 1 Rennes - Ligue 1[/color]\n[color=#FE0500]14-09-2018 : Nice 2 - 1 Rennes - Ligue 1[/color]\n[color=#807F7F]08-04-2018 : Nice 1 - 1 Rennes - Ligue 1[/color]\n[color=#FE0500]14-08-2016 : Nice 1 - 0 Rennes - Ligue 1[/color]\n\n\n\n[b]Bilan des confrontations :[/b]\n[img]https://media.api-sports.io/football/teams/84.png[/img] 6 - 5 - 4 [img]https://media.api-sports.io/football/teams/94.png[/img]\n---\n\n[b]Diffusion télé :[/b] Prime\n\n---\n\nClassement Ligue 1','2022-03-29 08:25:03','2022-03-29 08:25:03'),(21,30,1,'[center][b]Ligue 1 - 30e journée[/b][/center]\n\n[center][b]samedi 2 avril 2022 à 17:00 - Allianz Riviera[/b][/center] \n\n[center][img]https://media.api-sports.io/football/teams/84.png[/img] | [img]https://media.api-sports.io/football/teams/94.png[/img][/center]\n\n[center][b]4e[/b] | [b]3e[/b][/center] \n[center][b]50 pts[/b] | [b]52 pts[/b][/center] \n[center][b]+16[/b] | [b]+35[/b][/center]\n\n[center]%presentation[/center]\n\n[center][b]Chiffres à domicile[/b] | [b]Chiffres à l\'extérieur[/b][/center]\n\n[center]9e | 6e[/center]\n[center]7V- 3N - 4D | 5V- 3N - 6D[/center]\n[center]24 pts | 18 pts[/center]\n[center]+4 | +6[/center]\n[center][b]Série en cours (Dom | Ext)[/b][/center]\n[center]WWLWW | WWLLL[/center]\n[center][b]Meilleurs buteurs (Dom | Ext)[/b][/center] \n[center][img]https://media.api-sports.io/football/players/21591.png[/img] [img]https://media.api-sports.io/football/players/85041.png[/img] | [img]https://media.api-sports.io/football/players/663.png[/img]\nAndy DELORT, Amine GOUIRI (3) | Martin TERRIER (8)[/center]\n\n\n\n[b]Groupes :[/b] \n\n[u](Nom de l\'équipe domicile)[/u]\n[i]Suspendu(s) : %home_team_suspension[/i] \n[i]Blessé(s) : [/i] \n[i]Groupe : %home_team_group[/i] \n\n[u](Nom de l\'équipe extérieure)[/u] \n[i]Suspendu(s) : %away_team_suspension[/i] \n[i]Blessé(s) : [/i] \n[i]Groupe : %away_team_group[/i] \n\n---\n\n[b]Les arbitres de la rencontre :[/b] \n[i]Arbitre principal : [/i] \n[i]Arbitres assistants : %referee_assistants [/i] \n[i]4e arbitre : %referee_fourth[/i] \n\n---\n\n[b]Les dernières confrontations :[/b]\n[color=#0f5b99]13-12-2020 : Nice 0 - 1 Rennes - Ligue 1[/color]\n[color=#807F7F]24-01-2020 : Nice 1 - 1 Rennes - Ligue 1[/color]\n[color=#FE0500]14-09-2018 : Nice 2 - 1 Rennes - Ligue 1[/color]\n[color=#807F7F]08-04-2018 : Nice 1 - 1 Rennes - Ligue 1[/color]\n[color=#FE0500]14-08-2016 : Nice 1 - 0 Rennes - Ligue 1[/color]\n\n\n\n[b]Bilan des confrontations :[/b]\n[img]https://media.api-sports.io/football/teams/84.png[/img] 6 - 5 - 4 [img]https://media.api-sports.io/football/teams/94.png[/img]\n---\n\n[b]Diffusion télé :[/b] [img]https://www.ligue1.fr/-/media/Project/LFP/shared/Images/Broadcasters/Prime_Video.png[/img]\n\n---\n\nClassement Ligue 1','2022-03-29 08:28:43','2022-03-29 08:28:43'),(22,30,1,'[center][b]Ligue 1 - 30e journée[/b][/center]\n\n[center][b]samedi 2 avril 2022 à 17:00 - Allianz Riviera[/b][/center] \n\n[center][img]https://media.api-sports.io/football/teams/84.png[/img] | [img]https://media.api-sports.io/football/teams/94.png[/img][/center]\n\n[center][b]4e[/b] | [b]3e[/b][/center] \n[center][b]50 pts[/b] | [b]52 pts[/b][/center] \n[center][b]+16[/b] | [b]+35[/b][/center]\n\n[center]%presentation[/center]\n\n[center][b]Chiffres à domicile[/b] | [b]Chiffres à l\'extérieur[/b][/center]\n\n[center]9e | 6e[/center]\n[center]7V- 3N - 4D | 5V- 3N - 6D[/center]\n[center]24 pts | 18 pts[/center]\n[center]+4 | +6[/center]\n[center][b]Série en cours (Dom | Ext)[/b][/center]\n[center]WWLWW | WWLLL[/center]\n[center][b]Meilleurs buteurs (Dom | Ext)[/b][/center] \n[center][img]https://media.api-sports.io/football/players/21591.png[/img] [img]https://media.api-sports.io/football/players/85041.png[/img] | [img]https://media.api-sports.io/football/players/663.png[/img]\nAndy DELORT, Amine GOUIRI (3) | Martin TERRIER (8)[/center]\n\n\n\n[b]Groupes :[/b] \n\n[u](Nom de l\'équipe domicile)[/u]\n[i]Suspendu(s) : [/i] \n[i]Blessé(s) : [/i] \n[i]Groupe : [/i] \n\n[u](Nom de l\'équipe extérieure)[/u] \n[i]Suspendu(s) : [/i] \n[i]Blessé(s) : [/i] \n[i]Groupe : [/i] \n\n---\n\n[b]Les arbitres de la rencontre :[/b] \n[i]Arbitre principal : [/i] \n[i]Arbitres assistants :  [/i] \n[i]4e arbitre : [/i] \n\n---\n\n[b]Les dernières confrontations :[/b]\n[color=#0050fe]13-12-2020 : Nice 0 - 1 Rennes - Ligue 1[/color]\n[color=#807F7F]24-01-2020 : Nice 1 - 1 Rennes - Ligue 1[/color]\n[color=#FE0500]14-09-2018 : Nice 2 - 1 Rennes - Ligue 1[/color]\n[color=#807F7F]08-04-2018 : Nice 1 - 1 Rennes - Ligue 1[/color]\n[color=#FE0500]14-08-2016 : Nice 1 - 0 Rennes - Ligue 1[/color]\n\n\n\n[b]Bilan des confrontations :[/b]\n[img]https://media.api-sports.io/football/teams/84.png[/img] 6 - 5 - 4 [img]https://media.api-sports.io/football/teams/94.png[/img]\n---\n\n[b]Diffusion télé :[/b] [img]https://www.ligue1.fr/-/media/Project/LFP/shared/Images/Broadcasters/Prime_Video.png[/img]\n','2022-03-29 12:58:28','2022-03-29 12:58:28'),(23,30,1,'[center][b]Ligue 1 - 30e journée[/b][/center]\n\n[center][b]samedi 2 avril 2022 à 17:00 - Allianz Riviera[/b][/center] \n\n[center][img]https://media.api-sports.io/football/teams/84.png[/img] | [img]https://media.api-sports.io/football/teams/94.png[/img][/center]\n\n[center][b]4e[/b] | [b]3e[/b][/center] \n[center][b]50 pts[/b] | [b]52 pts[/b][/center] \n[center][b]+16[/b] | [b]+35[/b][/center]\n\n[center]%presentation[/center]\n\n[center][b]Chiffres à domicile[/b] | [b]Chiffres à l\'extérieur[/b][/center]\n\n[center]9e | 6e[/center]\n[center]7V- 3N - 4D | 5V- 3N - 6D[/center]\n[center]24 pts | 18 pts[/center]\n[center]+4 | +6[/center]\n[center][b]Série en cours (Dom | Ext)[/b][/center]\n[center]WWLWW | WWLLL[/center]\n[center][b]Meilleurs buteurs (Dom | Ext)[/b][/center] \n[center][img]https://media.api-sports.io/football/players/21591.png[/img] [img]https://media.api-sports.io/football/players/85041.png[/img] | [img]https://media.api-sports.io/football/players/663.png[/img]\nAndy DELORT, Amine GOUIRI (3) | Martin TERRIER (8)[/center]\n\n\n\n[b]Groupes :[/b] \n\n[u](Nom de l\'équipe domicile)[/u]\n[i]Suspendu(s) : [/i] \n[i]Blessé(s) : [/i] \n[i]Groupe : [/i] \n\n[u](Nom de l\'équipe extérieure)[/u] \n[i]Suspendu(s) : [/i] \n[i]Blessé(s) : [/i] \n[i]Groupe : [/i] \n\n---\n\n[b]Les arbitres de la rencontre :[/b] \n[i]Arbitre principal : [/i] \n[i]Arbitres assistants :  [/i] \n[i]4e arbitre : [/i] \n\n---\n\n[b]Les dernières confrontations :[/b]\n[color=#0050fe]13-12-2020 : Nice 0 - 1 Rennes - Ligue 1[/color]\n[color=#807F7F]24-01-2020 : Nice 1 - 1 Rennes - Ligue 1[/color]\n[color=#FE0500]14-09-2018 : Nice 2 - 1 Rennes - Ligue 1[/color]\n[color=#807F7F]08-04-2018 : Nice 1 - 1 Rennes - Ligue 1[/color]\n[color=#FE0500]14-08-2016 : Nice 1 - 0 Rennes - Ligue 1[/color]\n\n\n\n[b]Bilan des confrontations :[/b]\n[img]https://media.api-sports.io/football/teams/84.png[/img] 6 - 5 - 4 [img]https://media.api-sports.io/football/teams/94.png[/img]\n---\n\n[b]Diffusion télé :[/b] [img]https://www.ligue1.fr/-/media/Project/LFP/shared/Images/Broadcasters/Prime_Video.png[/img]\n','2022-03-29 12:59:36','2022-03-29 12:59:36'),(24,30,1,'[center][b]Ligue 1 - 30e journée[/b][/center]\n\n[center][b]samedi 2 avril 2022 à 17:00 - Allianz Riviera[/b][/center] \n\n[center][img]https://media.api-sports.io/football/teams/84.png[/img] | [img]https://media.api-sports.io/football/teams/94.png[/img][/center]\n\n[center][b]4e[/b] | [b]3e[/b][/center] \n[center][b]50 pts[/b] | [b]52 pts[/b][/center] \n[center][b]+16[/b] | [b]+35[/b][/center]\n\n[center]%presentation[/center]\n\n[center][b]Chiffres à domicile[/b] | [b]Chiffres à l\'extérieur[/b][/center]\n\n[center]9e | 6e[/center]\n[center]7V- 3N - 4D | 5V- 3N - 6D[/center]\n[center]24 pts | 18 pts[/center]\n[center]+4 | +6[/center]\n[center][b]Série en cours (Dom | Ext)[/b][/center]\n[center]WWLWW | WWLLL[/center]\n[center][b]Meilleurs buteurs (Dom | Ext)[/b][/center] \n[center][img]https://media.api-sports.io/football/players/21591.png[/img] [img]https://media.api-sports.io/football/players/85041.png[/img] | [img]https://media.api-sports.io/football/players/663.png[/img]\nAndy DELORT, Amine GOUIRI (3) | Martin TERRIER (8)[/center]\n\n\n\n[b]Groupes :[/b] \n\n[u](Nom de l\'équipe domicile)[/u]\n[i]Suspendu(s) : [/i] \n[i]Blessé(s) : [/i] \n[i]Groupe : [/i] \n\n[u](Nom de l\'équipe extérieure)[/u] \n[i]Suspendu(s) : [/i] \n[i]Blessé(s) : [/i] \n[i]Groupe : [/i] \n\n---\n\n[b]Les arbitres de la rencontre :[/b] \n[i]Arbitre principal : [/i] \n[i]Arbitres assistants :  [/i] \n[i]4e arbitre : [/i] \n\n---\n\n[b]Les dernières confrontations :[/b]\n[color=#0050fe]13-12-2020 : Nice 0 - 1 Rennes - Ligue 1[/color]\n[color=#807F7F]24-01-2020 : Nice 1 - 1 Rennes - Ligue 1[/color]\n[color=#FE0500]14-09-2018 : Nice 2 - 1 Rennes - Ligue 1[/color]\n[color=#807F7F]08-04-2018 : Nice 1 - 1 Rennes - Ligue 1[/color]\n[color=#FE0500]14-08-2016 : Nice 1 - 0 Rennes - Ligue 1[/color]\n\n\n\n[b]Bilan des confrontations :[/b]\n[img]https://media.api-sports.io/football/teams/84.png[/img] 6 - 5 - 4 [img]https://media.api-sports.io/football/teams/94.png[/img]\n---\n\n[b]Diffusion télé :[/b] [img]https://www.ligue1.fr/-/media/Project/LFP/shared/Images/Broadcasters/Prime_Video.png[/img]\n','2022-03-29 13:04:56','2022-03-29 13:04:56'),(25,30,1,'[center][b]Ligue 1 - 30e journée[/b][/center]\n\n[center][b]samedi 2 avril 2022 à 17:00 - Allianz Riviera[/b][/center] \n\n[center][img]https://media.api-sports.io/football/teams/84.png[/img] | [img]https://media.api-sports.io/football/teams/94.png[/img][/center]\n\n[center][b]4e[/b] | [b]3e[/b][/center] \n[center][b]50 pts[/b] | [b]52 pts[/b][/center] \n[center][b]+16[/b] | [b]+35[/b][/center]\n\n[center]%presentation[/center]\n\n[center][b]Chiffres à domicile[/b] | [b]Chiffres à l\'extérieur[/b][/center]\n\n[center]9e | 6e[/center]\n[center]7V- 3N - 4D | 5V- 3N - 6D[/center]\n[center]24 pts | 18 pts[/center]\n[center]+4 | +6[/center]\n[center][b]Série en cours (Dom | Ext)[/b][/center]\n[center]WWLWW | WWLLL[/center]\n[center][b]Meilleurs buteurs (Dom | Ext)[/b][/center] \n[center][img]https://media.api-sports.io/football/players/21591.png[/img] [img]https://media.api-sports.io/football/players/85041.png[/img] | [img]https://media.api-sports.io/football/players/663.png[/img]\nAndy DELORT, Amine GOUIRI (3) | Martin TERRIER (8)[/center]\n\n\n\n[b]Groupes :[/b] \n\n[u](Nom de l\'équipe domicile)[/u]\n[i]Suspendu(s) : [/i] \n[i]Blessé(s) : [/i] \n[i]Groupe : [/i] \n\n[u](Nom de l\'équipe extérieure)[/u] \n[i]Suspendu(s) : [/i] \n[i]Blessé(s) : [/i] \n[i]Groupe : [/i] \n\n---\n\n[b]Les arbitres de la rencontre :[/b] \n[i]Arbitre principal : [/i] \n[i]Arbitres assistants :  [/i] \n[i]4e arbitre : [/i] \n\n---\n\n[b]Les dernières confrontations :[/b]\n[color=#0050fe]13-12-2020 : Nice 0 - 1 Rennes - Ligue 1[/color]\n[color=#807F7F]24-01-2020 : Nice 1 - 1 Rennes - Ligue 1[/color]\n[color=#FE0500]14-09-2018 : Nice 2 - 1 Rennes - Ligue 1[/color]\n[color=#807F7F]08-04-2018 : Nice 1 - 1 Rennes - Ligue 1[/color]\n[color=#FE0500]14-08-2016 : Nice 1 - 0 Rennes - Ligue 1[/color]\n\n\n\n[b]Bilan des confrontations :[/b]\n[img]https://media.api-sports.io/football/teams/84.png[/img] 6 - 5 - 4 [img]https://media.api-sports.io/football/teams/94.png[/img]\n---\n\n[b]Diffusion télé :[/b] [img]https://www.ligue1.fr/-/media/Project/LFP/shared/Images/Broadcasters/Prime_Video.png[/img]\n','2022-03-29 13:16:16','2022-03-29 13:16:16'),(26,30,1,'[center][b]Ligue 1 - 30e journée[/b][/center]\n\n[center][b]samedi 2 avril 2022 à 17:00 - Allianz Riviera[/b][/center] \n\n[center][img]https://media.api-sports.io/football/teams/84.png[/img] | [img]https://media.api-sports.io/football/teams/94.png[/img][/center]\n\n[center][b]4e[/b] | [b]3e[/b][/center] \n[center][b]50 pts[/b] | [b]52 pts[/b][/center] \n[center][b]+16[/b] | [b]+35[/b][/center]\n\n[center]%presentation[/center]\n\n[center][b]Chiffres à domicile[/b] | [b]Chiffres à l\'extérieur[/b][/center]\n\n[center]9e | 6e[/center]\n[center]7V- 3N - 4D | 5V- 3N - 6D[/center]\n[center]24 pts | 18 pts[/center]\n[center]+4 | +6[/center]\n[center][b]Série en cours (Dom | Ext)[/b][/center]\n[center]WWLWW | WWLLL[/center]\n[center][b]Meilleurs buteurs (Dom | Ext)[/b][/center] \n[center][img]https://media.api-sports.io/football/players/21591.png[/img] [img]https://media.api-sports.io/football/players/85041.png[/img] | [img]https://media.api-sports.io/football/players/663.png[/img]\nAndy DELORT, Amine GOUIRI (3) | Martin TERRIER (8)[/center]\n\n\n\n[b]Groupes :[/b] \n\n[u](Nom de l\'équipe domicile)[/u]\n[i]Suspendu(s) : [/i] \n[i]Blessé(s) : [/i] \n[i]Groupe : [/i] \n\n[u](Nom de l\'équipe extérieure)[/u] \n[i]Suspendu(s) : [/i] \n[i]Blessé(s) : [/i] \n[i]Groupe : [/i] \n\n---\n\n[b]Les arbitres de la rencontre :[/b] \n[i]Arbitre principal : [/i] \n[i]Arbitres assistants :  [/i] \n[i]4e arbitre : [/i] \n\n---\n\n[b]Les dernières confrontations :[/b]\n[color=#0050fe]13-12-2020 : Nice 0 - 1 Rennes - Ligue 1[/color]\n[color=#807F7F]24-01-2020 : Nice 1 - 1 Rennes - Ligue 1[/color]\n[color=#FE0500]14-09-2018 : Nice 2 - 1 Rennes - Ligue 1[/color]\n[color=#807F7F]08-04-2018 : Nice 1 - 1 Rennes - Ligue 1[/color]\n[color=#FE0500]14-08-2016 : Nice 1 - 0 Rennes - Ligue 1[/color]\n\n\n\n[b]Bilan des confrontations :[/b]\n[img]https://media.api-sports.io/football/teams/84.png[/img] 6 - 5 - 4 [img]https://media.api-sports.io/football/teams/94.png[/img]\n---\n\n[b]Diffusion télé :[/b] [img]https://www.ligue1.fr/-/media/Project/LFP/shared/Images/Broadcasters/Prime_Video.png[/img]\n','2022-03-29 13:16:54','2022-03-29 13:16:54'),(27,30,1,'[center][b]Ligue 1 - 30e journée[/b][/center]\n\n[center][b]samedi 2 avril 2022 à 17:00 - Allianz Riviera[/b][/center] \n\n[center][img]https://media.api-sports.io/football/teams/84.png[/img] | [img]https://media.api-sports.io/football/teams/94.png[/img][/center]\n\n[center][b]4e[/b] | [b]3e[/b][/center] \n[center][b]50 pts[/b] | [b]52 pts[/b][/center] \n[center][b]+16[/b] | [b]+35[/b][/center]\n\n[center]%presentation[/center]\n\n[center][b]Chiffres à domicile[/b] | [b]Chiffres à l\'extérieur[/b][/center]\n\n[center]9e | 6e[/center]\n[center]7V- 3N - 4D | 5V- 3N - 6D[/center]\n[center]24 pts | 18 pts[/center]\n[center]+4 | +6[/center]\n[center][b]Série en cours (Dom | Ext)[/b][/center]\n[center]WWLWW | WWLLL[/center]\n[center][b]Meilleurs buteurs (Dom | Ext)[/b][/center] \n[center][img]https://media.api-sports.io/football/players/21591.png[/img] [img]https://media.api-sports.io/football/players/85041.png[/img] | [img]https://media.api-sports.io/football/players/663.png[/img]\nAndy DELORT, Amine GOUIRI (3) | Martin TERRIER (8)[/center]\n\n\n\n[b]Groupes :[/b] \n\n[u](Nom de l\'équipe domicile)[/u]\n[i]Suspendu(s) : [/i] \n[i]Blessé(s) : [/i] \n[i]Groupe : [/i] \n\n[u](Nom de l\'équipe extérieure)[/u] \n[i]Suspendu(s) : [/i] \n[i]Blessé(s) : [/i] \n[i]Groupe : [/i] \n\n---\n\n[b]Les arbitres de la rencontre :[/b] \n[i]Arbitre principal : B. Bastien[/i] \n[i]Arbitres assistants :  [/i] \n[i]4e arbitre : [/i] \n\n---\n\n[b]Les dernières confrontations :[/b]\n[color=#0050fe]13-12-2020 : Nice 0 - 1 Rennes - Ligue 1[/color]\n[color=#807F7F]24-01-2020 : Nice 1 - 1 Rennes - Ligue 1[/color]\n[color=#FE0500]14-09-2018 : Nice 2 - 1 Rennes - Ligue 1[/color]\n[color=#807F7F]08-04-2018 : Nice 1 - 1 Rennes - Ligue 1[/color]\n[color=#FE0500]14-08-2016 : Nice 1 - 0 Rennes - Ligue 1[/color]\n\n\n\n[b]Bilan des confrontations :[/b]\n[img]https://media.api-sports.io/football/teams/84.png[/img] 6 - 5 - 4 [img]https://media.api-sports.io/football/teams/94.png[/img]\n---\n\n[b]Diffusion télé :[/b] [img]https://www.ligue1.fr/-/media/Project/LFP/shared/Images/Broadcasters/Prime_Video.png[/img]\n','2022-03-30 09:09:04','2022-03-30 09:09:04'),(28,30,1,'[center][b]Ligue 1 - 30e journée[/b][/center]\n\n[center][b]samedi 2 avril 2022 à 17:00 - Allianz Riviera[/b][/center] \n\n[center][img]https://media.api-sports.io/football/teams/84.png[/img] | [img]https://media.api-sports.io/football/teams/94.png[/img][/center]\n\n[center][b]4e[/b] | [b]3e[/b][/center] \n[center][b]50 pts[/b] | [b]52 pts[/b][/center] \n[center][b]+16[/b] | [b]+35[/b][/center]\n\n[center]%presentation[/center]\n\n[center][b]Chiffres à domicile[/b] | [b]Chiffres à l\'extérieur[/b][/center]\n\n[center]9e | 6e[/center]\n[center]7V- 3N - 4D | 5V- 3N - 6D[/center]\n[center]24 pts | 18 pts[/center]\n[center]+4 | +6[/center]\n[center][b]Série en cours (Dom | Ext)[/b][/center]\n[center]WWLWW | WWLLL[/center]\n[center][b]Meilleurs buteurs (Dom | Ext)[/b][/center] \n[center][img]https://media.api-sports.io/football/players/21591.png[/img] [img]https://media.api-sports.io/football/players/85041.png[/img] | [img]https://media.api-sports.io/football/players/663.png[/img]\nAndy DELORT, Amine GOUIRI (3) | Martin TERRIER (8)[/center]\n\n\n\n[b]Groupes :[/b] \n\n[u](Nom de l\'équipe domicile)[/u]\n[i]Suspendu(s) : [/i] \n[i]Blessé(s) : [/i] \n[i]Groupe : [/i] \n\n[u](Nom de l\'équipe extérieure)[/u] \n[i]Suspendu(s) : [/i] \n[i]Blessé(s) : [/i] \n[i]Groupe : [/i] \n\n---\n\n[b]Les arbitres de la rencontre :[/b] \n[i]Arbitre principal : B. Bastien[/i] \n[i]Arbitres assistants :  [/i] \n[i]4e arbitre : [/i] \n\n---\n\n[b]Les dernières confrontations :[/b]\n[color=#0050fe]13-12-2020 : Nice 0 - 1 Rennes - Ligue 1[/color]\n[color=#807F7F]24-01-2020 : Nice 1 - 1 Rennes - Ligue 1[/color]\n[color=#FE0500]14-09-2018 : Nice 2 - 1 Rennes - Ligue 1[/color]\n[color=#807F7F]08-04-2018 : Nice 1 - 1 Rennes - Ligue 1[/color]\n[color=#FE0500]14-08-2016 : Nice 1 - 0 Rennes - Ligue 1[/color]\n\n\n\n[b]Bilan des confrontations :[/b]\n[img]https://media.api-sports.io/football/teams/84.png[/img] 6 - 5 - 4 [img]https://media.api-sports.io/football/teams/94.png[/img]\n---\n\n[b]Diffusion télé :[/b] [img]https://www.ligue1.fr/-/media/Project/LFP/shared/Images/Broadcasters/Prime_Video.png[/img]\n','2022-03-30 09:45:13','2022-03-30 09:45:13'),(29,30,1,'[center][b]Ligue 1 - 30e journée[/b][/center]\n\n[center][b]samedi 2 avril 2022 à 17:00 - Allianz Riviera[/b][/center] \n\n[center][img]https://media.api-sports.io/football/teams/84.png[/img] | [img]https://media.api-sports.io/football/teams/94.png[/img][/center]\n\n[center][b]4e[/b] | [b]3e[/b][/center] \n[center][b]50 pts[/b] | [b]52 pts[/b][/center] \n[center][b]+16[/b] | [b]+35[/b][/center]\n\n[center]%presentation[/center]\n\n[center][b]Chiffres à domicile[/b] | [b]Chiffres à l\'extérieur[/b][/center]\n\n[center]9e | 6e[/center]\n[center]7V- 3N - 4D | 5V- 3N - 6D[/center]\n[center]24 pts | 18 pts[/center]\n[center]+4 | +6[/center]\n[center][b]Série en cours (Dom | Ext)[/b][/center]\n[center]WWLWW | WWLLL[/center]\n[center][b]Meilleurs buteurs (Dom | Ext)[/b][/center] \n[center][img]https://media.api-sports.io/football/players/21591.png[/img] [img]https://media.api-sports.io/football/players/85041.png[/img] | [img]https://media.api-sports.io/football/players/663.png[/img]\nAndy DELORT, Amine GOUIRI (3) | Martin TERRIER (8)[/center]\n\n\n\n[b]Groupes :[/b] \n\n[u](Nom de l\'équipe domicile)[/u]\n[i]Suspendu(s) : [/i] \n[i]Blessé(s) : %home_team_injuries[/i] \n[i]Groupe : [/i] \n\n[u](Nom de l\'équipe extérieure)[/u] \n[i]Suspendu(s) : [/i] \n[i]Blessé(s) : %away_team_injuries[/i] \n[i]Groupe : [/i] \n\n---\n\n[b]Les arbitres de la rencontre :[/b] \n[i]Arbitre principal : B. Bastien[/i] \n[i]Arbitres assistants :  [/i] \n[i]4e arbitre : [/i] \n\n---\n\n[b]Les dernières confrontations :[/b]\n[color=#0050fe]13-12-2020 : Nice 0 - 1 Rennes - Ligue 1[/color]\n[color=#807F7F]24-01-2020 : Nice 1 - 1 Rennes - Ligue 1[/color]\n[color=#FE0500]14-09-2018 : Nice 2 - 1 Rennes - Ligue 1[/color]\n[color=#807F7F]08-04-2018 : Nice 1 - 1 Rennes - Ligue 1[/color]\n[color=#FE0500]14-08-2016 : Nice 1 - 0 Rennes - Ligue 1[/color]\n\n\n\n[b]Bilan des confrontations :[/b]\n[img]https://media.api-sports.io/football/teams/84.png[/img] 6 - 5 - 4 [img]https://media.api-sports.io/football/teams/94.png[/img]\n---\n\n[b]Diffusion télé :[/b] [img]%tv[/img]\n','2022-03-30 11:31:26','2022-03-30 11:31:26'),(30,30,1,'[center][b]Ligue 1 - 30e journée[/b][/center]\n\n[center][b]samedi 2 avril 2022 à 17:00 - Allianz Riviera[/b][/center] \n\n[center][img]https://media.api-sports.io/football/teams/84.png[/img] | [img]https://media.api-sports.io/football/teams/94.png[/img][/center]\n\n[center][b]4e[/b] | [b]3e[/b][/center] \n[center][b]50 pts[/b] | [b]52 pts[/b][/center] \n[center][b]+16[/b] | [b]+35[/b][/center]\n\n[center]%presentation[/center]\n\n[center][b]Chiffres à domicile[/b] | [b]Chiffres à l\'extérieur[/b][/center]\n\n[center]9e | 6e[/center]\n[center]7V- 3N - 4D | 5V- 3N - 6D[/center]\n[center]24 pts | 18 pts[/center]\n[center]+4 | +6[/center]\n[center][b]Série en cours (Dom | Ext)[/b][/center]\n[center]WWLWW | WWLLL[/center]\n[center][b]Meilleurs buteurs (Dom | Ext)[/b][/center] \n[center][img]https://media.api-sports.io/football/players/21591.png[/img] [img]https://media.api-sports.io/football/players/85041.png[/img] | [img]https://media.api-sports.io/football/players/663.png[/img]\nAndy DELORT, Amine GOUIRI (3) | Martin TERRIER (8)[/center]\n\n\n\n[b]Groupes :[/b] \n\n[u](Nom de l\'équipe domicile)[/u]\n[i]Suspendu(s) : [/i] \n[i]Blessé(s) : %home_team_injuries[/i] \n[i]Groupe : [/i] \n\n[u](Nom de l\'équipe extérieure)[/u] \n[i]Suspendu(s) : [/i] \n[i]Blessé(s) : %away_team_injuries[/i] \n[i]Groupe : [/i] \n\n---\n\n[b]Les arbitres de la rencontre :[/b] \n[i]Arbitre principal : B. Bastien[/i] \n[i]Arbitres assistants :  [/i] \n[i]4e arbitre : [/i] \n\n---\n\n[b]Les dernières confrontations :[/b]\n[color=#0050fe]13-12-2020 : Nice 0 - 1 Rennes - Ligue 1[/color]\n[color=#807F7F]24-01-2020 : Nice 1 - 1 Rennes - Ligue 1[/color]\n[color=#FE0500]14-09-2018 : Nice 2 - 1 Rennes - Ligue 1[/color]\n[color=#807F7F]08-04-2018 : Nice 1 - 1 Rennes - Ligue 1[/color]\n[color=#FE0500]14-08-2016 : Nice 1 - 0 Rennes - Ligue 1[/color]\n\n\n\n[b]Bilan des confrontations :[/b]\n[img]https://media.api-sports.io/football/teams/84.png[/img] 6 - 5 - 4 [img]https://media.api-sports.io/football/teams/94.png[/img]\n---\n\n[b]Diffusion télé :[/b] [img]https://www.ligue1.fr/-/media/Project/LFP/shared/Images/Broadcasters/Prime_Video.png[/img]\n','2022-03-30 11:32:12','2022-03-30 11:32:12'),(31,30,1,'[center][b]Ligue 1 - 30e journée[/b][/center]\n\n[center][b]samedi 2 avril 2022 à 17:00 - Allianz Riviera[/b][/center] \n\n[center][img]https://media.api-sports.io/football/teams/84.png[/img] | [img]https://media.api-sports.io/football/teams/94.png[/img][/center]\n\n[center][b]4e[/b] | [b]3e[/b][/center] \n[center][b]50 pts[/b] | [b]52 pts[/b][/center] \n[center][b]+16[/b] | [b]+35[/b][/center]\n\n[center]%presentation[/center]\n\n[center][b]Chiffres à domicile[/b] | [b]Chiffres à l\'extérieur[/b][/center]\n\n[center]9e | 6e[/center]\n[center]7V- 3N - 4D | 5V- 3N - 6D[/center]\n[center]24 pts | 18 pts[/center]\n[center]+4 | +6[/center]\n[center][b]Série en cours (Dom | Ext)[/b][/center]\n[center]WWLWW | WWLLL[/center]\n[center][b]Meilleurs buteurs (Dom | Ext)[/b][/center] \n[center][img]https://media.api-sports.io/football/players/21591.png[/img] [img]https://media.api-sports.io/football/players/85041.png[/img] | [img]https://media.api-sports.io/football/players/663.png[/img]\nAndy DELORT, Amine GOUIRI (3) | Martin TERRIER (8)[/center]\n\n\n\n[b]Groupes :[/b] \n\n[u](Nom de l\'équipe domicile)[/u]\n[i]Suspendu(s) : [/i] \n[i]Blessé(s) : [/i] \n[i]Groupe : [/i] \n\n[u](Nom de l\'équipe extérieure)[/u] \n[i]Suspendu(s) : [/i] \n[i]Blessé(s) : [/i] \n[i]Groupe : [/i] \n\n---\n\n[b]Les arbitres de la rencontre :[/b] \n[i]Arbitre principal : B. Bastien[/i] \n[i]Arbitres assistants :  [/i] \n[i]4e arbitre : [/i] \n\n---\n\n[b]Les dernières confrontations :[/b]\n[color=#0050fe]13-12-2020 : Nice 0 - 1 Rennes - Ligue 1[/color]\n[color=#807F7F]24-01-2020 : Nice 1 - 1 Rennes - Ligue 1[/color]\n[color=#FE0500]14-09-2018 : Nice 2 - 1 Rennes - Ligue 1[/color]\n[color=#807F7F]08-04-2018 : Nice 1 - 1 Rennes - Ligue 1[/color]\n[color=#FE0500]14-08-2016 : Nice 1 - 0 Rennes - Ligue 1[/color]\n\n\n\n[b]Bilan des confrontations :[/b]\n[img]https://media.api-sports.io/football/teams/84.png[/img] 6 - 5 - 4 [img]https://media.api-sports.io/football/teams/94.png[/img]\n---\n\n[b]Diffusion télé :[/b] [img]https://www.ligue1.fr/-/media/Project/LFP/shared/Images/Broadcasters/Prime_Video.png[/img]\n','2022-03-30 12:25:30','2022-03-30 12:25:30'),(32,30,1,'[center][b]Ligue 1 - 30e journée[/b][/center]\n\n[center][b]samedi 2 avril 2022 à 17:00 - Allianz Riviera[/b][/center] \n\n[center][img]https://media.api-sports.io/football/teams/84.png[/img] | [img]https://media.api-sports.io/football/teams/94.png[/img][/center]\n\n[center][b]4e[/b] | [b]3e[/b][/center] \n[center][b]50 pts[/b] | [b]52 pts[/b][/center] \n[center][b]+16[/b] | [b]+35[/b][/center]\n\n[center]%presentation[/center]\n\n[center][b]Chiffres à domicile[/b] | [b]Chiffres à l\'extérieur[/b][/center]\n\n[center]9e | 6e[/center]\n[center]7V- 3N - 4D | 5V- 3N - 6D[/center]\n[center]24 pts | 18 pts[/center]\n[center]+4 | +6[/center]\n[center][b]Série en cours (Dom | Ext)[/b][/center]\n[center]WWLWW | WWLLL[/center]\n[center][b]Meilleurs buteurs (Dom | Ext)[/b][/center] \n[center][img]https://media.api-sports.io/football/players/21591.png[/img] [img]https://media.api-sports.io/football/players/85041.png[/img] | [img]https://media.api-sports.io/football/players/663.png[/img]\nAndy DELORT, Amine GOUIRI (3) | Martin TERRIER (8)[/center]\n\n\n\n[b]Groupes :[/b] \n\n[u](Nom de l\'équipe domicile)[/u]\n[i]Suspendu(s) : [/i] \n[i]Blessé(s) : [/i] \n[i]Groupe : [/i] \n\n[u](Nom de l\'équipe extérieure)[/u] \n[i]Suspendu(s) : [/i] \n[i]Blessé(s) : [/i] \n[i]Groupe : [/i] \n\n---\n\n[b]Les arbitres de la rencontre :[/b] \n[i]Arbitre principal : B. Bastien[/i] \n[i]Arbitres assistants :  [/i] \n[i]4e arbitre : [/i] \n\n---\n\n[b]Les dernières confrontations :[/b]\n[color=#0050fe]13-12-2020 : Nice 0 - 1 Rennes - Ligue 1[/color]\n[color=#807F7F]24-01-2020 : Nice 1 - 1 Rennes - Ligue 1[/color]\n[color=#FE0500]14-09-2018 : Nice 2 - 1 Rennes - Ligue 1[/color]\n[color=#807F7F]08-04-2018 : Nice 1 - 1 Rennes - Ligue 1[/color]\n[color=#FE0500]14-08-2016 : Nice 1 - 0 Rennes - Ligue 1[/color]\n\n\n\n[b]Bilan des confrontations :[/b]\n[img]https://media.api-sports.io/football/teams/84.png[/img] 6 - 5 - 4 [img]https://media.api-sports.io/football/teams/94.png[/img]\n---\n\n[b]Diffusion télé :[/b] [img]https://www.ligue1.fr/-/media/Project/LFP/shared/Images/Broadcasters/Prime_Video.png[/img]\n','2022-03-30 13:22:32','2022-03-30 13:22:32'),(33,30,1,'[center][b]Ligue 1 - 30e journée[/b][/center]\n\n[center][b]samedi 2 avril 2022 à 17:00 - Allianz Riviera[/b][/center] \n\n[center][img]https://media.api-sports.io/football/teams/84.png[/img] | [img]https://media.api-sports.io/football/teams/94.png[/img][/center]\n\n[center][b]4e[/b] | [b]3e[/b][/center] \n[center][b]50 pts[/b] | [b]52 pts[/b][/center] \n[center][b]+16[/b] | [b]+35[/b][/center]\n\n[center]%presentation[/center]\n\n[center][b]Chiffres à domicile[/b] | [b]Chiffres à l\'extérieur[/b][/center]\n\n[center]9e | 6e[/center]\n[center]7V- 3N - 4D | 5V- 3N - 6D[/center]\n[center]24 pts | 18 pts[/center]\n[center]+4 | +6[/center]\n[center][b]Série en cours (Dom | Ext)[/b][/center]\n[center]WWLWW | WWLLL[/center]\n[center][b]Meilleurs buteurs (Dom | Ext)[/b][/center] \n[center][img]https://media.api-sports.io/football/players/21591.png[/img] [img]https://media.api-sports.io/football/players/85041.png[/img] | [img]https://media.api-sports.io/football/players/663.png[/img]\nAndy DELORT, Amine GOUIRI (3) | Martin TERRIER (8)[/center]\n\n\n\n[b]Groupes :[/b] \n\n[u](Nom de l\'équipe domicile)[/u]\n[i]Suspendu(s) : [/i] \n[i]Blessé(s) : [/i] \n[i]Groupe : [/i] \n\n[u](Nom de l\'équipe extérieure)[/u] \n[i]Suspendu(s) : [/i] \n[i]Blessé(s) : [/i] \n[i]Groupe : [/i] \n\n---\n\n[b]Les arbitres de la rencontre :[/b] \n[i]Arbitre principal : B. Bastien[/i] \n[i]Arbitres assistants :  [/i] \n[i]4e arbitre : [/i] \n\n---\n\n[b]Les dernières confrontations :[/b]\n[color=#0050fe]13-12-2020 : Nice 0 - 1 Rennes - Ligue 1[/color]\n[color=#807F7F]24-01-2020 : Nice 1 - 1 Rennes - Ligue 1[/color]\n[color=#FE0500]14-09-2018 : Nice 2 - 1 Rennes - Ligue 1[/color]\n[color=#807F7F]08-04-2018 : Nice 1 - 1 Rennes - Ligue 1[/color]\n[color=#FE0500]14-08-2016 : Nice 1 - 0 Rennes - Ligue 1[/color]\n\n\n\n[b]Bilan des confrontations :[/b]\n[img]https://media.api-sports.io/football/teams/84.png[/img] 6 - 5 - 4 [img]https://media.api-sports.io/football/teams/94.png[/img]\n---\n\n[b]Diffusion télé :[/b] [img]https://www.ligue1.fr/-/media/Project/LFP/shared/Images/Broadcasters/Prime_Video.png[/img]\n','2022-03-30 13:31:09','2022-03-30 13:31:09'),(34,30,1,'[center][b]Ligue 1 - 30e journée[/b][/center]\n\n[center][b]samedi 2 avril 2022 à 17:00 - Allianz Riviera[/b][/center] \n\n[center][img]https://media.api-sports.io/football/teams/84.png[/img] | [img]https://media.api-sports.io/football/teams/94.png[/img][/center]\n\n[center][b]4e[/b] | [b]3e[/b][/center] \n[center][b]50 pts[/b] | [b]52 pts[/b][/center] \n[center][b]+16[/b] | [b]+35[/b][/center]\n\n[center]%presentation[/center]\n\n[center][b]Chiffres à domicile[/b] | [b]Chiffres à l\'extérieur[/b][/center]\n\n[center]9e | 6e[/center]\n[center]7V- 3N - 4D | 5V- 3N - 6D[/center]\n[center]24 pts | 18 pts[/center]\n[center]+4 | +6[/center]\n[center][b]Série en cours (Dom | Ext)[/b][/center]\n[center]WWLWW | WWLLL[/center]\n[center][b]Meilleurs buteurs (Dom | Ext)[/b][/center] \n[center][img]https://media.api-sports.io/football/players/21591.png[/img] [img]https://media.api-sports.io/football/players/85041.png[/img] | [img]https://media.api-sports.io/football/players/663.png[/img]\nAndy DELORT, Amine GOUIRI (3) | Martin TERRIER (8)[/center]\n\n\n\n[b]Groupes :[/b] \n\n[u](Nom de l\'équipe domicile)[/u]\n[i]Suspendu(s) : [/i] \n[i]Blessé(s) : [/i] \n[i]Groupe : [/i] \n\n[u](Nom de l\'équipe extérieure)[/u] \n[i]Suspendu(s) : [/i] \n[i]Blessé(s) : [/i] \n[i]Groupe : [/i] \n\n---\n\n[b]Les arbitres de la rencontre :[/b] \n[i]Arbitre principal : B. Bastien[/i] \n[i]Arbitres assistants :  [/i] \n[i]4e arbitre : [/i] \n\n---\n\n[b]Les dernières confrontations :[/b]\n[color=#0050fe]13-12-2020 : Nice 0 - 1 Rennes - Ligue 1[/color]\n[color=#807F7F]24-01-2020 : Nice 1 - 1 Rennes - Ligue 1[/color]\n[color=#FE0500]14-09-2018 : Nice 2 - 1 Rennes - Ligue 1[/color]\n[color=#807F7F]08-04-2018 : Nice 1 - 1 Rennes - Ligue 1[/color]\n[color=#FE0500]14-08-2016 : Nice 1 - 0 Rennes - Ligue 1[/color]\n\n\n\n[b]Bilan des confrontations :[/b]\n[img]https://media.api-sports.io/football/teams/84.png[/img] 6 - 5 - 4 [img]https://media.api-sports.io/football/teams/94.png[/img]\n---\n\n[b]Diffusion télé :[/b] [img]https://www.ligue1.fr/-/media/Project/LFP/shared/Images/Broadcasters/Prime_Video.png[/img]\n','2022-03-30 14:56:23','2022-03-30 14:56:23'),(35,30,1,'[center][b]Ligue 1 - 30e journée[/b][/center]\n\n[center][b]samedi 2 avril 2022 à 17:00 - Allianz Riviera[/b][/center] \n\n[center][img]https://media.api-sports.io/football/teams/84.png[/img] | [img]https://media.api-sports.io/football/teams/94.png[/img][/center]\n\n[center][b]4e[/b] | [b]3e[/b][/center] \n[center][b]50 pts[/b] | [b]52 pts[/b][/center] \n[center][b]+16[/b] | [b]+35[/b][/center]\n\n[center]%presentation[/center]\n\n[center][b]Chiffres à domicile[/b] | [b]Chiffres à l\'extérieur[/b][/center]\n\n[center]9e | 6e[/center]\n[center]7V- 3N - 4D | 5V- 3N - 6D[/center]\n[center]24 pts | 18 pts[/center]\n[center]+4 | +6[/center]\n[center][b]Série en cours (Dom | Ext)[/b][/center]\n[center]WWLWW | WWLLL[/center]\n[center][b]Meilleurs buteurs (Dom | Ext)[/b][/center] \n[center][img]https://media.api-sports.io/football/players/21591.png[/img] [img]https://media.api-sports.io/football/players/85041.png[/img] | [img]https://media.api-sports.io/football/players/663.png[/img]\nAndy DELORT, Amine GOUIRI (3) | Martin TERRIER (8)[/center]\n\n\n\n[b]Groupes :[/b] \n\n[u](Nom de l\'équipe domicile)[/u]\n[i]Suspendu(s) : [/i] \n[i]Blessé(s) : [/i] \n[i]Groupe : [/i] \n\n[u](Nom de l\'équipe extérieure)[/u] \n[i]Suspendu(s) : [/i] \n[i]Blessé(s) : [/i] \n[i]Groupe : [/i] \n\n---\n\n[b]Les arbitres de la rencontre :[/b] \n[i]Arbitre principal : B. Bastien[/i] \n[i]Arbitres assistants :  [/i] \n[i]4e arbitre : [/i] \n\n---\n\n[b]Les dernières confrontations :[/b]\n[color=#0050fe]13-12-2020 : Nice 0 - 1 Rennes - Ligue 1[/color]\n[color=#807F7F]24-01-2020 : Nice 1 - 1 Rennes - Ligue 1[/color]\n[color=#FE0500]14-09-2018 : Nice 2 - 1 Rennes - Ligue 1[/color]\n[color=#807F7F]08-04-2018 : Nice 1 - 1 Rennes - Ligue 1[/color]\n[color=#FE0500]14-08-2016 : Nice 1 - 0 Rennes - Ligue 1[/color]\n\n\n\n[b]Bilan des confrontations :[/b]\n[img]https://media.api-sports.io/football/teams/84.png[/img] 6 - 5 - 4 [img]https://media.api-sports.io/football/teams/94.png[/img]\n---\n\n[b]Diffusion télé :[/b] [img]https://www.ligue1.fr/-/media/Project/LFP/shared/Images/Broadcasters/Prime_Video.png[/img]\n','2022-03-30 15:05:39','2022-03-30 15:05:39'),(36,30,1,'[center][b]Ligue 1 - 30e journée[/b][/center]\n\n[center][b]samedi 2 avril 2022 à 17:00 - Allianz Riviera[/b][/center] \n\n[center][img]https://media.api-sports.io/football/teams/84.png[/img] | [img]https://media.api-sports.io/football/teams/94.png[/img][/center]\n\n[center][b]4e[/b] | [b]3e[/b][/center] \n[center][b]50 pts[/b] | [b]52 pts[/b][/center] \n[center][b]+16[/b] | [b]+35[/b][/center]\n\n[center]%presentation[/center]\n\n[center][b]Chiffres à domicile[/b] | [b]Chiffres à l\'extérieur[/b][/center]\n\n[center]9e | 6e[/center]\n[center]7V- 3N - 4D | 5V- 3N - 6D[/center]\n[center]24 pts | 18 pts[/center]\n[center]+4 | +6[/center]\n[center][b]Série en cours (Dom | Ext)[/b][/center]\n[center]WWLWW | WWLLL[/center]\n[center][b]Meilleurs buteurs (Dom | Ext)[/b][/center] \n[center][img]https://media.api-sports.io/football/players/21591.png[/img] [img]https://media.api-sports.io/football/players/85041.png[/img] | [img]https://media.api-sports.io/football/players/663.png[/img]\nAndy DELORT, Amine GOUIRI (3) | Martin TERRIER (8)[/center]\n\n\n\n[b]Groupes :[/b] \n\n[u](Nom de l\'équipe domicile)[/u]\n[i]Suspendu(s) : [/i] \n[i]Blessé(s) : [/i] \n[i]Groupe : [/i] \n\n[u](Nom de l\'équipe extérieure)[/u] \n[i]Suspendu(s) : [/i] \n[i]Blessé(s) : [/i] \n[i]Groupe : [/i] \n\n---\n\n[b]Les arbitres de la rencontre :[/b] \n[i]Arbitre principal : B. Bastien[/i] \n[i]Arbitres assistants :  [/i] \n[i]4e arbitre : [/i] \n\n---\n\n[b]Les dernières confrontations :[/b]\n[color=#0050fe]13-12-2020 : Nice 0 - 1 Rennes - Ligue 1[/color]\n[color=#807F7F]24-01-2020 : Nice 1 - 1 Rennes - Ligue 1[/color]\n[color=#FE0500]14-09-2018 : Nice 2 - 1 Rennes - Ligue 1[/color]\n[color=#807F7F]08-04-2018 : Nice 1 - 1 Rennes - Ligue 1[/color]\n[color=#FE0500]14-08-2016 : Nice 1 - 0 Rennes - Ligue 1[/color]\n\n\n\n[b]Bilan des confrontations :[/b]\n[img]https://media.api-sports.io/football/teams/84.png[/img] 6 - 5 - 4 [img]https://media.api-sports.io/football/teams/94.png[/img]\n---\n\n[b]Diffusion télé :[/b] [img]https://www.ligue1.fr/-/media/Project/LFP/shared/Images/Broadcasters/Prime_Video.png[/img]\n','2022-03-30 16:05:41','2022-03-30 16:05:41'),(37,30,1,'[center][b]Ligue 1 - 30e journée[/b][/center]\n\n[center][b]samedi 2 avril 2022 à 17:00 - Allianz Riviera[/b][/center] \n\n[center][img]https://media.api-sports.io/football/teams/84.png[/img] | [img]https://media.api-sports.io/football/teams/94.png[/img][/center]\n\n[center][b]4e[/b] | [b]3e[/b][/center] \n[center][b]50 pts[/b] | [b]52 pts[/b][/center] \n[center][b]+16[/b] | [b]+35[/b][/center]\n\n[center]%presentation[/center]\n\n[center][b]Chiffres à domicile[/b] | [b]Chiffres à l\'extérieur[/b][/center]\n\n[center]9e | 6e[/center]\n[center]7V- 3N - 4D | 5V- 3N - 6D[/center]\n[center]24 pts | 18 pts[/center]\n[center]+4 | +6[/center]\n[center][b]Série en cours (Dom | Ext)[/b][/center]\n[center]WWLWW | WWLLL[/center]\n[center][b]Meilleurs buteurs (Dom | Ext)[/b][/center] \n[center][img]https://media.api-sports.io/football/players/21591.png[/img] [img]https://media.api-sports.io/football/players/85041.png[/img] | [img]https://media.api-sports.io/football/players/663.png[/img]\nAndy DELORT, Amine GOUIRI (3) | Martin TERRIER (8)[/center]\n\n\n\n[b]Groupes :[/b] \n\n[u](Nom de l\'équipe domicile)[/u]\n[i]Suspendu(s) : [/i] \n[i]Blessé(s) : [/i] \n[i]Groupe : [/i] \n\n[u](Nom de l\'équipe extérieure)[/u] \n[i]Suspendu(s) : [/i] \n[i]Blessé(s) : L. Bade, J. Doku, J. Gelin, A. Gomis, R. Salin, K. Sulemana[/i] \n[i]Groupe : [/i] \n\n---\n\n[b]Les arbitres de la rencontre :[/b] \n[i]Arbitre principal : B. Bastien[/i] \n[i]Arbitres assistants :  [/i] \n[i]4e arbitre : [/i] \n\n---\n\n[b]Les dernières confrontations :[/b]\n[color=#0050fe]13-12-2020 : Nice 0 - 1 Rennes - Ligue 1[/color]\n[color=#807F7F]24-01-2020 : Nice 1 - 1 Rennes - Ligue 1[/color]\n[color=#FE0500]14-09-2018 : Nice 2 - 1 Rennes - Ligue 1[/color]\n[color=#807F7F]08-04-2018 : Nice 1 - 1 Rennes - Ligue 1[/color]\n[color=#FE0500]14-08-2016 : Nice 1 - 0 Rennes - Ligue 1[/color]\n\n\n\n[b]Bilan des confrontations :[/b]\n[img]https://media.api-sports.io/football/teams/84.png[/img] 6 - 5 - 4 [img]https://media.api-sports.io/football/teams/94.png[/img]\n---\n\n[b]Diffusion télé :[/b] [img]https://www.ligue1.fr/-/media/Project/LFP/shared/Images/Broadcasters/Prime_Video.png[/img]\n','2022-03-30 20:53:14','2022-03-30 20:53:14'),(38,32,1,'[center][b]Ligue 1 - 32e journée[/b][/center]\n\n[center][b]vendredi 15 avril 2022 à 21:00 - Roazhon Park[/b][/center] \n\n[center][img]https://media.api-sports.io/football/teams/94.png[/img] | [img]https://media.api-sports.io/football/teams/91.png[/img][/center]\n\n[center][b]3e[/b] | [b]6e[/b][/center] \n[center][b]56 pts[/b] | [b]50 pts[/b][/center] \n[center][b]+36[/b] | [b]+15[/b][/center]\n\n[center]%presentation[/center]\n\n[center][b]Chiffres à domicile[/b] | [b]Chiffres à l\'extérieur[/b][/center]\n\n[center]2e | 8e[/center]\n[center]11V- 1N - 3D | 5V- 4N - 6D[/center]\n[center]34 pts | 19 pts[/center]\n[center]+29 | -2[/center]\n[center][b]Série en cours (Dom | Ext)[/b][/center]\n[center]VVVVV | VDVND[/center]\n[center][b]Meilleurs buteurs (Dom | Ext)[/b][/center] \n[center][img]https://media.api-sports.io/football/players/21592.png[/img] [img]https://media.api-sports.io/football/players/663.png[/img] | [img]https://media.api-sports.io/football/players/2059.png[/img] [img]https://media.api-sports.io/football/players/107.png[/img]\nGaetan LABORDE, Martin TERRIER (8) | Wissam BEN YEDDER, Sofiane DIOP (4)[/center]\n\n\n\n[b]Groupes :[/b] \n\n[u]Rennes[/u]\n[i]Suspendu(s) : [/i] \n[i]Blessé(s) : [/i] \n[i]Groupe : [/i] \n\n[u]Monaco[/u] \n[i]Suspendu(s) : [/i] \n[i]Blessé(s) : [/i] \n[i]Groupe : [/i] \n\n---\n\n[b]Les arbitres de la rencontre :[/b] \n[i]Arbitre principal : [/i] \n[i]Arbitres assistants :  [/i] \n[i]4e arbitre : [/i] \n\n---\n\n[b]Les dernières confrontations :[/b]\n\n\n\n[b]Bilan des confrontations :[/b]\n[img]https://media.api-sports.io/football/teams/94.png[/img] 0 - 0 - 0 [img]https://media.api-sports.io/football/teams/91.png[/img]\n---\n\n[b]Diffusion télé :[/b] [img]https://www.ligue1.fr/-/media/Project/LFP/shared/Images/Broadcasters/Prime_Video.png[/img]\n','2022-04-10 21:59:04','2022-04-10 21:59:04'),(39,32,1,'[center][b]Ligue 1 - 32e journée[/b][/center]\n\n[center][b]vendredi 15 avril 2022 à 21:00 - Roazhon Park[/b][/center] \n\n[center][img]https://media.api-sports.io/football/teams/94.png[/img] | [img]https://media.api-sports.io/football/teams/91.png[/img][/center]\n\n[center][b]3e[/b] | [b]6e[/b][/center] \n[center][b]56 pts[/b] | [b]50 pts[/b][/center] \n[center][b]+36[/b] | [b]+15[/b][/center]\n\n[center]%presentation[/center]\n\n[center][b]Chiffres à domicile[/b] | [b]Chiffres à l\'extérieur[/b][/center]\n\n[center]2e | 8e[/center]\n[center]11V- 1N - 3D | 5V- 4N - 6D[/center]\n[center]34 pts | 19 pts[/center]\n[center]+29 | -2[/center]\n[center][b]Série en cours (Dom | Ext)[/b][/center]\n[center]VVVVV | VDVND[/center]\n[center][b]Meilleurs buteurs (Dom | Ext)[/b][/center] \n[center][img]https://media.api-sports.io/football/players/21592.png[/img] [img]https://media.api-sports.io/football/players/663.png[/img] | [img]https://media.api-sports.io/football/players/2059.png[/img] [img]https://media.api-sports.io/football/players/107.png[/img]\nGaetan LABORDE, Martin TERRIER (8) | Wissam BEN YEDDER, Sofiane DIOP (4)[/center]\n\n\n\n[b]Groupes :[/b] \n\n[u]Rennes[/u]\n[i]Suspendu(s) : [/i] \n[i]Blessé(s) : [/i] \n[i]Groupe : [/i] \n\n[u]Monaco[/u] \n[i]Suspendu(s) : [/i] \n[i]Blessé(s) : [/i] \n[i]Groupe : [/i] \n\n---\n\n[b]Les arbitres de la rencontre :[/b] \n[i]Arbitre principal : [/i] \n[i]Arbitres assistants :  [/i] \n[i]4e arbitre : [/i] \n\n---\n\n[b]Les dernières confrontations :[/b]\n[color=#0050fe]19-09-2020 : Rennes 2 - 1 Monaco - Ligue 1[/color]\n[color=#807F7F]01-05-2019 : Rennes 2 - 2 Monaco - Ligue 1[/color]\n[color=#807F7F]04-04-2018 : Rennes 1 - 1 Monaco - Ligue 1[/color]\n[color=#FE0500]20-05-2017 : Rennes 2 - 3 Monaco - Ligue 1[/color]\n[color=#807F7F]24-04-2016 : Rennes 1 - 1 Monaco - Ligue 1[/color]\n\n\n\n[b]Bilan des confrontations :[/b]\n[img]https://media.api-sports.io/football/teams/94.png[/img] 5 - 3 - 2 [img]https://media.api-sports.io/football/teams/91.png[/img]\n---\n\n[b]Diffusion télé :[/b] [img]https://www.ligue1.fr/-/media/Project/LFP/shared/Images/Broadcasters/Prime_Video.png[/img]\n','2022-04-10 22:03:32','2022-04-10 22:03:32'),(40,33,1,'[center][b]Ligue 1 - 33e journée[/b][/center]\n\n[center][b]mercredi 20 avril 2022 à 21:00 - Stade de la Meinau[/b][/center] \n\n[center][img]https://media.api-sports.io/football/teams/95.png[/img] | [img]https://media.api-sports.io/football/teams/94.png[/img][/center]\n\n[center][b]5e[/b] | [b]3e[/b][/center] \n[center][b]53 pts[/b] | [b]56 pts[/b][/center] \n[center][b]+19[/b] | [b]+35[/b][/center]\n\n[center]%presentation[/center]\n\n[center][b]Chiffres à domicile[/b] | [b]Chiffres à l\'extérieur[/b][/center]\n\n[center]5e | 5e[/center]\n[center]9V- 4N - 3D | 6V- 4N - 6D[/center]\n[center]31 pts | 22 pts[/center]\n[center]+16 | +7[/center]\n[center][b]Série en cours (Dom | Ext)[/b][/center]\n[center]NVVNV | VNVVD[/center]\n[center][b]Meilleurs buteurs (Dom | Ext)[/b][/center] \n[center][img]https://media.api-sports.io/football/players/22264.png[/img] | [img]https://media.api-sports.io/football/players/663.png[/img]\nLudovic AJORQUE (6) | Martin TERRIER (10)[/center]\n\n\n\n[b]Groupes :[/b] \n\n[u]Strasbourg[/u]\n[i]Suspendu(s) : [/i] \n[i]Blessé(s) : [/i] \n[i]Groupe : [/i] \n\n[u]Rennes[/u] \n[i]Suspendu(s) : [/i] \n[i]Blessé(s) : [/i] \n[i]Groupe : [/i] \n\n---\n\n[b]Les arbitres de la rencontre :[/b] \n[i]Arbitre principal : W. Delajod[/i] \n[i]Arbitres assistants :  [/i] \n[i]4e arbitre : [/i] \n\n---\n\n[b]Les dernières confrontations :[/b]\n[color=#807F7F]27-11-2020 : Strasbourg 1 - 1 Rennes - Ligue 1[/color]\n[color=#0050fe]25-08-2019 : Strasbourg 0 - 2 Rennes - Ligue 1[/color]\n[color=#0050fe]18-05-2019 : Strasbourg 0 - 2 Rennes - Ligue 1[/color]\n[color=#FE0500]18-11-2017 : Strasbourg 2 - 1 Rennes - Ligue 1[/color]\n\n\n\n[b]Bilan des confrontations :[/b]\n[img]https://media.api-sports.io/football/teams/95.png[/img] 1 - 1 - 2 [img]https://media.api-sports.io/football/teams/94.png[/img]\n---\n\n[b]Diffusion télé :[/b] [img]https://www.ligue1.fr/-/media/Project/LFP/shared/Images/Broadcasters/Prime_Video.png[/img]\n','2022-04-17 20:47:47','2022-04-17 20:47:47'),(41,34,1,'[center][b]Ligue 1 - 34e journée[/b][/center]\n\n[center][b]dimanche 24 avril 2022 à 13:00 - Roazhon Park[/b][/center] \n\n[center][img]https://media.api-sports.io/football/teams/94.png[/img] | [img]https://media.api-sports.io/football/teams/97.png[/img][/center]\n\n[center][b]3e[/b] | [b]16e[/b][/center] \n[center][b]56 pts[/b] | [b]31 pts[/b][/center] \n[center][b]+35[/b] | [b]-20[/b][/center]\n\n[center]%presentation[/center]\n\n[center][b]Chiffres à domicile[/b] | [b]Chiffres à l\'extérieur[/b][/center]\n\n[center]2e | 20e[/center]\n[center]11V- 1N - 4D | 2V- 5N - 10D[/center]\n[center]34 pts | 11 pts[/center]\n[center]+28 | -21[/center]\n[center][b]Série en cours (Dom | Ext)[/b][/center]\n[center]DVVVV | DDVVN[/center]\n[center][b]Meilleurs buteurs (Dom | Ext)[/b][/center] \n[center][img]https://media.api-sports.io/football/players/663.png[/img] | [img]https://media.api-sports.io/football/players/2215.png[/img]\nMartin TERRIER (9) | Armand LAURIENTE (4)[/center]\n\n\n\n[b]Groupes :[/b] \n\n[u]Rennes[/u]\n[i]Suspendu(s) : [/i] \n[i]Blessé(s) : [/i] \n[i]Groupe : [/i] \n\n[u]Lorient[/u] \n[i]Suspendu(s) : [/i] \n[i]Blessé(s) : [/i] \n[i]Groupe : [/i] \n\n---\n\n[b]Les arbitres de la rencontre :[/b] \n[i]Arbitre principal : [/i] \n[i]Arbitres assistants :  [/i] \n[i]4e arbitre : [/i] \n\n---\n\n[b]Les dernières confrontations :[/b]\n[color=#0050fe]18-12-2021 : Rennes 1 - 0 Lorient - Coupe de France[/color]\n[color=#807F7F]03-02-2021 : Rennes 1 - 1 Lorient - Ligue 1[/color]\n[color=#0050fe]25-02-2017 : Rennes 1 - 0 Lorient - Ligue 1[/color]\n[color=#0050fe]26-10-2016 : Rennes 3 - 2 Lorient - Coupe de France[/color]\n[color=#807F7F]09-01-2016 : Rennes 2 - 2 Lorient - Ligue 1[/color]\n\n\n\n[b]Bilan des confrontations :[/b]\n[img]https://media.api-sports.io/football/teams/94.png[/img] 9 - 3 - 2 [img]https://media.api-sports.io/football/teams/97.png[/img]\n---\n\n[b]Diffusion télé :[/b] [img]https://www.ligue1.fr/-/media/Project/LFP/shared/Images/Broadcasters/Prime_Video.png[/img]\n','2022-04-20 20:07:26','2022-04-20 20:07:26'),(42,34,1,'[center][b]Ligue 1 - 34e journée[/b][/center]\n\n[center][b]dimanche 24 avril 2022 à 13:00 - Roazhon Park[/b][/center] \n\n[center][img]https://media.api-sports.io/football/teams/94.png[/img] | [img]https://media.api-sports.io/football/teams/97.png[/img][/center]\n\n[center][b]3e[/b] | [b]15e[/b][/center] \n[center][b]56 pts[/b] | [b]34 pts[/b][/center] \n[center][b]+35[/b] | [b]-19[/b][/center]\n\n[center]%presentation[/center]\n\n[center][b]Chiffres à domicile[/b] | [b]Chiffres à l\'extérieur[/b][/center]\n\n[center]2e | 20e[/center]\n[center]11V- 1N - 4D | 2V- 5N - 10D[/center]\n[center]34 pts | 11 pts[/center]\n[center]+28 | -21[/center]\n[center][b]Série en cours (Dom | Ext)[/b][/center]\n[center]DVVVV | DDVVN[/center]\n[center][b]Meilleurs buteurs (Dom | Ext)[/b][/center] \n[center][img]https://media.api-sports.io/football/players/663.png[/img] | [img]https://media.api-sports.io/football/players/2215.png[/img]\nMartin TERRIER (9) | Armand LAURIENTE (4)[/center]\n\n\n\n[b]Groupes :[/b] \n\n[u]Rennes[/u]\n[i]Suspendu(s) : [/i] \n[i]Blessé(s) : [/i] \n[i]Groupe : [/i] \n\n[u]Lorient[/u] \n[i]Suspendu(s) : [/i] \n[i]Blessé(s) : [/i] \n[i]Groupe : [/i] \n\n---\n\n[b]Les arbitres de la rencontre :[/b] \n[i]Arbitre principal : [/i] \n[i]Arbitres assistants :  [/i] \n[i]4e arbitre : [/i] \n\n---\n\n[b]Les dernières confrontations :[/b]\n[color=#0050fe]18-12-2021 : Rennes 1 - 0 Lorient - Coupe de France[/color]\n[color=#807F7F]03-02-2021 : Rennes 1 - 1 Lorient - Ligue 1[/color]\n[color=#0050fe]25-02-2017 : Rennes 1 - 0 Lorient - Ligue 1[/color]\n[color=#0050fe]26-10-2016 : Rennes 3 - 2 Lorient - Coupe de France[/color]\n[color=#807F7F]09-01-2016 : Rennes 2 - 2 Lorient - Ligue 1[/color]\n\n\n\n[b]Bilan des confrontations :[/b]\n[img]https://media.api-sports.io/football/teams/94.png[/img] 9 - 3 - 2 [img]https://media.api-sports.io/football/teams/97.png[/img]\n---\n\n[b]Diffusion télé :[/b] [img]https://www.ligue1.fr/-/media/Project/LFP/shared/Images/Broadcasters/Prime_Video.png[/img]\n','2022-04-20 20:55:35','2022-04-20 20:55:35'),(43,34,1,'[center][b]Ligue 1 - 34e journée[/b][/center]\n\n[center][b]dimanche 24 avril 2022 à 13:00 - Roazhon Park[/b][/center] \n\n[center][img]https://media.api-sports.io/football/teams/94.png[/img] | [img]https://media.api-sports.io/football/teams/97.png[/img][/center]\n\n[center][b]3e[/b] | [b]15e[/b][/center] \n[center][b]56 pts[/b] | [b]34 pts[/b][/center] \n[center][b]+34[/b] | [b]-19[/b][/center]\n\n[center]%presentation[/center]\n\n[center][b]Chiffres à domicile[/b] | [b]Chiffres à l\'extérieur[/b][/center]\n\n[center]2e | 20e[/center]\n[center]11V- 1N - 4D | 2V- 5N - 10D[/center]\n[center]34 pts | 11 pts[/center]\n[center]+28 | -21[/center]\n[center][b]Série en cours (Dom | Ext)[/b][/center]\n[center]DVVVV | DDVVN[/center]\n[center][b]Meilleurs buteurs (Dom | Ext)[/b][/center] \n[center][img]https://media.api-sports.io/football/players/663.png[/img] | [img]https://media.api-sports.io/football/players/2215.png[/img]\nMartin TERRIER (9) | Armand LAURIENTE (4)[/center]\n\n\n\n[b]Groupes :[/b] \n\n[u]Rennes[/u]\n[i]Suspendu(s) : [/i] \n[i]Blessé(s) : J. Doku, J. Gelin, A. Gomis, K. Sulemana[/i] \n[i]Groupe : [/i] \n\n[u]Lorient[/u] \n[i]Suspendu(s) : [/i] \n[i]Blessé(s) : T. Bartouche, S. Diarra, T. Monconduit, J. Morel[/i] \n[i]Groupe : [/i] \n\n---\n\n[b]Les arbitres de la rencontre :[/b] \n[i]Arbitre principal : B. Millot[/i] \n[i]Arbitres assistants :  [/i] \n[i]4e arbitre : [/i] \n\n---\n\n[b]Les dernières confrontations :[/b]\n[color=#0050fe]18-12-2021 : Rennes 1 - 0 Lorient - Coupe de France[/color]\n[color=#807F7F]03-02-2021 : Rennes 1 - 1 Lorient - Ligue 1[/color]\n[color=#0050fe]25-02-2017 : Rennes 1 - 0 Lorient - Ligue 1[/color]\n[color=#0050fe]26-10-2016 : Rennes 3 - 2 Lorient - Coupe de France[/color]\n[color=#807F7F]09-01-2016 : Rennes 2 - 2 Lorient - Ligue 1[/color]\n\n\n\n[b]Bilan des confrontations :[/b]\n[img]https://media.api-sports.io/football/teams/94.png[/img] 9 - 3 - 2 [img]https://media.api-sports.io/football/teams/97.png[/img]\n---\n\n[b]Diffusion télé :[/b] [img]https://www.ligue1.fr/-/media/Project/LFP/shared/Images/Broadcasters/Prime_Video.png[/img]\n','2022-04-22 22:03:00','2022-04-22 22:03:00'),(44,35,1,'[center][b]Ligue 1 - 35e journée[/b][/center]\n\n[center][b]samedi 30 avril 2022 à 21:00 - Roazhon Park[/b][/center] \n\n[center][img]https://media.api-sports.io/football/teams/94.png[/img] | [img]https://media.api-sports.io/football/teams/1063.png[/img][/center]\n\n[center][b]3e[/b] | [b]18e[/b][/center] \n[center][b]59 pts[/b] | [b]31 pts[/b][/center] \n[center][b]+39[/b] | [b]-30[/b][/center]\n\n[center]%presentation[/center]\n\n[center][b]Chiffres à domicile[/b] | [b]Chiffres à l\'extérieur[/b][/center]\n\n[center]2e | 18e[/center]\n[center]12V- 1N - 4D | 3V- 4N - 9D[/center]\n[center]37 pts | 13 pts[/center]\n[center]+33 | -17[/center]\n[center][b]Série en cours (Dom | Ext)[/b][/center]\n[center]VDVVV | NDNDV[/center]\n[center][b]Meilleurs buteurs (Dom | Ext)[/b][/center] \n[center][img]https://media.api-sports.io/football/players/663.png[/img] | [img]https://media.api-sports.io/football/players/21437.png[/img]\nMartin TERRIER (9) | Denis BOUANGA (5)[/center]\n\n\n\n[b]Groupes :[/b] \n\n[u]Rennes[/u]\n[i]Suspendu(s) : [/i] \n[i]Blessé(s) : [/i] \n[i]Groupe : [/i] \n\n[u]Saint Etienne[/u] \n[i]Suspendu(s) : [/i] \n[i]Blessé(s) : [/i] \n[i]Groupe : [/i] \n\n---\n\n[b]Les arbitres de la rencontre :[/b] \n[i]Arbitre principal : [/i] \n[i]Arbitres assistants :  [/i] \n[i]4e arbitre : [/i] \n\n---\n\n[b]Les dernières confrontations :[/b]\n\n\n\n[b]Bilan des confrontations :[/b]\n[img]https://media.api-sports.io/football/teams/94.png[/img] 0 - 0 - 0 [img]https://media.api-sports.io/football/teams/1063.png[/img]\n---\n\n[b]Diffusion télé :[/b] [img]https://www.ligue1.fr/-/media/Project/LFP/shared/Images/Broadcasters/Prime_Video.png[/img]\n','2022-04-24 20:57:19','2022-04-24 20:57:19'),(45,35,1,'[center][b]Ligue 1 - 35e journée[/b][/center]\n\n[center][b]samedi 30 avril 2022 à 21:00 - Roazhon Park[/b][/center] \n\n[center][img]https://media.api-sports.io/football/teams/94.png[/img] | [img]https://media.api-sports.io/football/teams/1063.png[/img][/center]\n\n[center][b]3e[/b] | [b]18e[/b][/center] \n[center][b]59 pts[/b] | [b]31 pts[/b][/center] \n[center][b]+39[/b] | [b]-30[/b][/center]\n\n[center]%presentation[/center]\n\n[center][b]Chiffres à domicile[/b] | [b]Chiffres à l\'extérieur[/b][/center]\n\n[center]2e | 18e[/center]\n[center]12V- 1N - 4D | 3V- 4N - 9D[/center]\n[center]37 pts | 13 pts[/center]\n[center]+33 | -17[/center]\n[center][b]Série en cours (Dom | Ext)[/b][/center]\n[center]VDVVV | NDNDV[/center]\n[center][b]Meilleurs buteurs (Dom | Ext)[/b][/center] \n[center][img]https://media.api-sports.io/football/players/663.png[/img] | [img]https://media.api-sports.io/football/players/21437.png[/img]\nMartin TERRIER (9) | Denis BOUANGA (5)[/center]\n\n\n\n[b]Groupes :[/b] \n\n[u]Rennes[/u]\n[i]Suspendu(s) : [/i] \n[i]Blessé(s) : [/i] \n[i]Groupe : [/i] \n\n[u]Saint Etienne[/u] \n[i]Suspendu(s) : [/i] \n[i]Blessé(s) : [/i] \n[i]Groupe : [/i] \n\n---\n\n[b]Les arbitres de la rencontre :[/b] \n[i]Arbitre principal : [/i] \n[i]Arbitres assistants :  [/i] \n[i]4e arbitre : [/i] \n\n---\n\n[b]Les dernières confrontations :[/b]\n[color=#FE0500]14-02-2021 : Rennes 0 - 2 Saint Etienne - Ligue 1[/color]\n[color=#0050fe]01-12-2019 : Rennes 2 - 1 Saint Etienne - Ligue 1[/color]\n[color=#0050fe]10-02-2019 : Rennes 3 - 0 Saint Etienne - Ligue 1[/color]\n[color=#807F7F]10-03-2018 : Rennes 1 - 1 Saint Etienne - Ligue 1[/color]\n[color=#0050fe]04-12-2016 : Rennes 2 - 0 Saint Etienne - Ligue 1[/color]\n\n\n\n[b]Bilan des confrontations :[/b]\n[img]https://media.api-sports.io/football/teams/94.png[/img] 7 - 5 - 2 [img]https://media.api-sports.io/football/teams/1063.png[/img]\n---\n\n[b]Diffusion télé :[/b] [img]https://www.ligue1.fr/-/media/Project/LFP/shared/Images/Broadcasters/Prime_Video.png[/img]\n','2022-04-24 21:38:51','2022-04-24 21:38:51');
/*!40000 ALTER TABLE `fixtures` ENABLE KEYS */;
UNLOCK TABLES;
DROP TABLE IF EXISTS `general_standings`;
/*!40101 SET @saved_cs_client     = @@character_set_client */;
/*!50503 SET character_set_client = utf8mb4 */;
CREATE TABLE `general_standings` (
  `id` bigint unsigned NOT NULL AUTO_INCREMENT,
  `league` int NOT NULL,
  `season` int NOT NULL,
  `club_id` int NOT NULL,
  `name` varchar(255) CHARACTER SET utf8mb4 COLLATE utf8mb4_unicode_ci NOT NULL,
  `location` varchar(255) CHARACTER SET utf8mb4 COLLATE utf8mb4_unicode_ci NOT NULL,
  `rank` tinyint NOT NULL,
  `points` smallint NOT NULL,
  `played` tinyint NOT NULL,
  `win` tinyint NOT NULL,
  `draw` tinyint NOT NULL,
  `lose` tinyint NOT NULL,
  `goals_for` tinyint unsigned NOT NULL,
  `goals_against` tinyint unsigned NOT NULL,
  `goals_diff` smallint NOT NULL,
  `last5` varchar(255) CHARACTER SET utf8mb4 COLLATE utf8mb4_unicode_ci NOT NULL,
  `created_at` timestamp NULL DEFAULT NULL,
  `updated_at` timestamp NULL DEFAULT NULL,
  PRIMARY KEY (`id`)
) ENGINE=InnoDB DEFAULT CHARSET=utf8mb4 COLLATE=utf8mb4_unicode_ci;
/*!40101 SET character_set_client = @saved_cs_client */;

LOCK TABLES `general_standings` WRITE;
/*!40000 ALTER TABLE `general_standings` DISABLE KEYS */;
/*!40000 ALTER TABLE `general_standings` ENABLE KEYS */;
UNLOCK TABLES;
DROP TABLE IF EXISTS `h2h`;
/*!40101 SET @saved_cs_client     = @@character_set_client */;
/*!50503 SET character_set_client = utf8mb4 */;
CREATE TABLE `h2h` (
  `id` bigint unsigned NOT NULL AUTO_INCREMENT,
  `played_at` date DEFAULT NULL,
  `home_goals` tinyint NOT NULL,
  `away_goals` tinyint NOT NULL,
  `competition_id` bigint unsigned NOT NULL,
  `created_at` timestamp NULL DEFAULT NULL,
  `updated_at` timestamp NULL DEFAULT NULL,
  PRIMARY KEY (`id`)
) ENGINE=InnoDB AUTO_INCREMENT=390 DEFAULT CHARSET=utf8mb4 COLLATE=utf8mb4_unicode_ci;
/*!40101 SET character_set_client = @saved_cs_client */;

LOCK TABLES `h2h` WRITE;
/*!40000 ALTER TABLE `h2h` DISABLE KEYS */;
INSERT INTO `h2h` VALUES (9,'2022-03-20',6,1,1,'2022-03-26 18:43:49','2022-03-26 18:43:49'),(10,'2021-10-17',0,3,1,'2022-03-26 18:43:49','2022-03-26 18:43:49'),(11,'2021-03-20',1,3,1,'2022-03-26 18:43:49','2022-03-26 18:43:49'),(12,'2020-12-23',1,0,1,'2022-03-26 18:43:49','2022-03-26 18:43:49'),(13,'2019-12-04',0,1,1,'2022-03-26 18:43:49','2022-03-26 18:43:49'),(14,'2018-04-14',1,2,1,'2022-03-26 18:43:49','2022-03-26 18:43:49'),(15,'2017-12-09',1,1,1,'2022-03-26 18:43:49','2022-03-26 18:43:49'),(16,'2017-03-04',1,1,1,'2022-03-26 18:43:49','2022-03-26 18:43:49'),(17,'2016-10-30',1,0,1,'2022-03-26 18:43:49','2022-03-26 18:43:49'),(18,'2015-03-07',1,0,1,'2022-03-26 18:43:49','2022-03-26 18:43:49'),(19,'2014-10-18',0,0,1,'2022-03-26 18:43:49','2022-03-26 18:43:49'),(20,'2008-01-26',1,1,1,'2022-03-26 18:43:49','2022-03-26 18:43:49'),(21,'2021-12-12',1,2,1,'2022-03-26 18:49:31','2022-03-26 18:49:31'),(22,'2021-02-26',1,2,1,'2022-03-26 18:49:31','2022-03-26 18:49:31'),(24,'2021-12-12',1,2,1,'2022-03-26 18:52:25','2022-03-26 18:52:25'),(25,'2021-02-26',1,2,1,'2022-03-26 18:52:25','2022-03-26 18:52:25'),(26,'2020-12-13',0,1,1,'2022-03-26 18:52:25','2022-03-26 18:52:25'),(27,'2020-01-24',1,1,1,'2022-03-26 18:52:25','2022-03-26 18:52:25'),(28,'2019-09-01',1,2,1,'2022-03-26 18:52:25','2022-03-26 18:52:25'),(29,'2019-04-14',0,0,1,'2022-03-26 18:52:25','2022-03-26 18:52:25'),(30,'2018-09-14',2,1,1,'2022-03-26 18:52:25','2022-03-26 18:52:25'),(31,'2018-04-08',1,1,1,'2022-03-26 18:52:25','2022-03-26 18:52:25'),(32,'2017-09-17',0,1,1,'2022-03-26 18:52:25','2022-03-26 18:52:25'),(33,'2017-02-12',2,2,1,'2022-03-26 18:52:25','2022-03-26 18:52:25'),(34,'2016-08-14',1,0,1,'2022-03-26 18:52:25','2022-03-26 18:52:25'),(35,'2016-04-10',3,0,1,'2022-03-26 18:52:25','2022-03-26 18:52:25'),(36,'2016-01-04',2,2,2,'2022-03-26 18:52:25','2022-03-26 18:52:25'),(37,'2015-10-18',1,4,1,'2022-03-26 18:52:25','2022-03-26 18:52:25'),(38,'2015-04-25',2,1,1,'2022-03-26 18:52:25','2022-03-26 18:52:25'),(39,'2014-12-03',1,2,1,'2022-03-26 18:52:25','2022-03-26 18:52:25'),(40,'2014-01-11',0,0,1,'2022-03-26 18:52:25','2022-03-26 18:52:25'),(41,'2013-08-17',2,1,1,'2022-03-26 18:52:25','2022-03-26 18:52:25'),(42,'2013-05-05',0,3,1,'2022-03-26 18:52:25','2022-03-26 18:52:25'),(43,'2012-12-11',1,0,1,'2022-03-26 18:52:25','2022-03-26 18:52:25'),(44,'2012-04-16',3,1,1,'2022-03-26 18:52:25','2022-03-26 18:52:25'),(45,'2012-01-21',0,0,2,'2022-03-26 18:52:25','2022-03-26 18:52:25'),(46,'2011-12-03',2,0,1,'2022-03-26 18:52:25','2022-03-26 18:52:25'),(47,'2011-02-13',2,0,1,'2022-03-26 18:52:25','2022-03-26 18:52:25'),(48,'2010-09-25',1,2,1,'2022-03-26 18:52:25','2022-03-26 18:52:25'),(49,'2010-05-08',2,2,1,'2022-03-26 18:52:25','2022-03-26 18:52:25'),(50,'2009-08-16',1,1,1,'2022-03-26 18:52:25','2022-03-26 18:52:25'),(51,'2009-02-21',0,1,1,'2022-03-26 18:52:25','2022-03-26 18:52:25'),(52,'2008-09-27',1,0,1,'2022-03-26 18:52:25','2022-03-26 18:52:25'),(53,'2008-01-23',1,1,1,'2022-03-26 18:52:25','2022-03-26 18:52:25'),(54,'2021-09-12',0,2,1,'2022-03-27 09:48:59','2022-03-27 09:48:59'),(55,'2021-04-04',2,2,1,'2022-03-27 09:48:59','2022-03-27 09:48:59'),(56,'2020-10-04',2,2,1,'2022-03-27 09:48:59','2022-03-27 09:48:59'),(57,'2020-02-16',1,0,1,'2022-03-27 09:48:59','2022-03-27 09:48:59'),(58,'2019-10-06',0,1,1,'2022-03-27 09:48:59','2022-03-27 09:48:59'),(59,'2019-02-17',2,0,1,'2022-03-27 09:48:59','2022-03-27 09:48:59'),(60,'2018-10-28',0,2,1,'2022-03-27 09:48:59','2022-03-27 09:48:59'),(61,'2016-04-02',3,1,1,'2022-03-27 09:48:59','2022-03-27 09:48:59'),(62,'2015-11-28',2,2,1,'2022-03-27 09:48:59','2022-03-27 09:48:59'),(63,'2015-05-16',1,0,1,'2022-03-27 09:48:59','2022-03-27 09:48:59'),(64,'2015-01-22',1,1,2,'2022-03-27 09:48:59','2022-03-27 09:48:59'),(65,'2014-12-20',1,3,1,'2022-03-27 09:48:59','2022-03-27 09:48:59'),(66,'2014-05-17',1,3,1,'2022-03-27 09:48:59','2022-03-27 09:48:59'),(67,'2013-08-10',2,1,1,'2022-03-27 09:48:59','2022-03-27 09:48:59'),(68,'2013-03-16',1,0,1,'2022-03-27 09:48:59','2022-03-27 09:48:59'),(69,'2012-11-03',1,0,1,'2022-03-27 09:48:59','2022-03-27 09:48:59'),(70,'2011-02-01',3,4,2,'2022-03-27 09:48:59','2022-03-27 09:48:59'),(71,'2022-04-02',1,1,1,'2022-04-02 17:11:16','2022-04-02 17:11:16'),(72,'2021-12-22',2,1,1,'2022-04-10 22:02:45','2022-04-10 22:02:45'),(73,'2021-05-16',2,1,1,'2022-04-10 22:02:45','2022-04-10 22:02:45'),(74,'2020-09-19',2,1,1,'2022-04-10 22:02:45','2022-04-10 22:02:45'),(75,'2019-10-20',3,2,1,'2022-04-10 22:02:45','2022-04-10 22:02:45'),(76,'2019-05-01',2,2,1,'2022-04-10 22:02:45','2022-04-10 22:02:45'),(77,'2019-01-09',1,1,2,'2022-04-10 22:02:45','2022-04-10 22:02:45'),(78,'2018-10-07',1,2,1,'2022-04-10 22:02:45','2022-04-10 22:02:45'),(79,'2018-04-04',1,1,1,'2022-04-10 22:02:45','2022-04-10 22:02:45'),(80,'2017-12-20',2,1,1,'2022-04-10 22:02:45','2022-04-10 22:02:45'),(81,'2017-05-20',2,3,1,'2022-04-10 22:02:45','2022-04-10 22:02:45'),(82,'2016-12-14',7,0,2,'2022-04-10 22:02:45','2022-04-10 22:02:45'),(83,'2016-09-17',3,0,1,'2022-04-10 22:02:45','2022-04-10 22:02:45'),(84,'2016-04-24',1,1,1,'2022-04-10 22:02:45','2022-04-10 22:02:45'),(85,'2015-10-04',1,1,1,'2022-04-10 22:02:45','2022-04-10 22:02:45'),(86,'2015-04-18',1,1,1,'2022-04-10 22:02:45','2022-04-10 22:02:45'),(87,'2015-02-11',3,1,2,'2022-04-10 22:02:45','2022-04-10 22:02:45'),(88,'2014-11-29',2,0,1,'2022-04-10 22:02:45','2022-04-10 22:02:45'),(89,'2014-04-12',0,1,1,'2022-04-10 22:02:45','2022-04-10 22:02:45'),(90,'2013-11-30',2,0,1,'2022-04-10 22:02:45','2022-04-10 22:02:45'),(91,'2011-04-24',1,0,1,'2022-04-10 22:02:45','2022-04-10 22:02:45'),(92,'2010-12-04',1,0,1,'2022-04-10 22:02:45','2022-04-10 22:02:45'),(93,'2010-03-06',1,0,1,'2022-04-10 22:02:45','2022-04-10 22:02:45'),(94,'2009-12-16',1,0,1,'2022-04-10 22:02:45','2022-04-10 22:02:45'),(95,'2009-04-18',3,1,1,'2022-04-10 22:02:45','2022-04-10 22:02:45'),(96,'2008-11-16',2,1,1,'2022-04-10 22:02:45','2022-04-10 22:02:45'),(97,'2008-03-31',1,2,1,'2022-04-10 22:02:45','2022-04-10 22:02:45'),(98,'2021-10-24',1,0,1,'2022-04-11 12:09:56','2022-04-11 12:09:56'),(99,'2021-03-14',1,0,1,'2022-04-11 12:09:56','2022-04-11 12:09:56'),(100,'2020-11-27',1,1,1,'2022-04-11 12:09:56','2022-04-11 12:09:56'),(101,'2019-08-25',0,2,1,'2022-04-11 12:09:56','2022-04-11 12:09:56'),(102,'2019-05-18',0,2,1,'2022-04-11 12:09:56','2022-04-11 12:09:56'),(103,'2018-12-02',1,4,1,'2022-04-11 12:09:56','2022-04-11 12:09:56'),(104,'2018-05-06',2,1,1,'2022-04-11 12:09:56','2022-04-11 12:09:56'),(105,'2017-11-18',2,1,1,'2022-04-11 12:09:56','2022-04-11 12:09:56'),(106,'2008-04-26',3,0,1,'2022-04-11 12:09:56','2022-04-11 12:09:56'),(107,'2021-12-18',1,0,2,'2022-04-11 12:11:00','2022-04-11 12:11:00'),(108,'2021-11-28',0,2,1,'2022-04-11 12:11:00','2022-04-11 12:11:00'),(109,'2021-02-03',1,1,1,'2022-04-11 12:11:00','2022-04-11 12:11:00'),(110,'2020-12-20',0,3,1,'2022-04-11 12:11:00','2022-04-11 12:11:00'),(111,'2017-02-25',1,0,1,'2022-04-11 12:11:00','2022-04-11 12:11:00'),(112,'2016-11-29',2,1,1,'2022-04-11 12:11:00','2022-04-11 12:11:00'),(113,'2016-10-26',3,2,2,'2022-04-11 12:11:00','2022-04-11 12:11:00'),(114,'2016-01-09',2,2,1,'2022-04-11 12:11:00','2022-04-11 12:11:00'),(115,'2015-10-24',1,1,1,'2022-04-11 12:11:00','2022-04-11 12:11:00'),(116,'2015-04-04',0,3,1,'2022-04-11 12:11:00','2022-04-11 12:11:00'),(117,'2014-11-07',1,0,1,'2022-04-11 12:11:00','2022-04-11 12:11:00'),(118,'2014-04-26',1,1,1,'2022-04-11 12:11:00','2022-04-11 12:11:00'),(119,'2013-12-07',2,0,1,'2022-04-11 12:11:00','2022-04-11 12:11:00'),(120,'2013-02-02',2,2,1,'2022-04-11 12:11:00','2022-04-11 12:11:00'),(121,'2012-09-16',1,2,1,'2022-04-11 12:11:00','2022-04-11 12:11:00'),(122,'2012-03-04',0,2,1,'2022-04-11 12:11:00','2022-04-11 12:11:00'),(123,'2011-10-16',2,0,1,'2022-04-11 12:11:00','2022-04-11 12:11:00'),(124,'2011-04-16',1,2,1,'2022-04-11 12:11:00','2022-04-11 12:11:00'),(125,'2010-11-27',2,0,1,'2022-04-11 12:11:00','2022-04-11 12:11:00'),(126,'2010-04-10',1,1,1,'2022-04-11 12:11:00','2022-04-11 12:11:00'),(127,'2009-12-05',1,0,1,'2022-04-11 12:11:00','2022-04-11 12:11:00'),(128,'2009-05-23',3,1,1,'2022-04-11 12:11:00','2022-04-11 12:11:00'),(129,'2009-03-04',3,0,2,'2022-04-11 12:11:00','2022-04-11 12:11:00'),(130,'2008-12-20',1,2,1,'2022-04-11 12:11:00','2022-04-11 12:11:00'),(131,'2008-02-23',2,0,1,'2022-04-11 12:11:00','2022-04-11 12:11:00'),(132,'2008-02-02',0,0,2,'2022-04-11 12:11:00','2022-04-11 12:11:00'),(133,'2021-08-22',1,0,1,'2022-04-11 12:14:31','2022-04-11 12:14:31'),(134,'2021-04-11',1,0,1,'2022-04-11 12:14:31','2022-04-11 12:14:31'),(135,'2021-01-06',0,0,1,'2022-04-11 12:14:31','2022-04-11 12:14:31'),(136,'2020-01-31',3,2,1,'2022-04-11 12:14:31','2022-04-11 12:14:31'),(137,'2019-09-25',1,0,1,'2022-04-11 12:14:31','2022-04-11 12:14:31'),(138,'2019-01-13',0,1,1,'2022-04-11 12:14:31','2022-04-11 12:14:31'),(139,'2018-12-19',2,1,2,'2022-04-11 12:14:31','2022-04-11 12:14:31'),(140,'2018-11-11',1,1,1,'2022-04-11 12:14:31','2022-04-11 12:14:31'),(141,'2018-04-20',1,1,1,'2022-04-11 12:14:31','2022-04-11 12:14:31'),(142,'2017-11-25',2,1,1,'2022-04-11 12:14:31','2022-04-11 12:14:31'),(143,'2017-01-28',1,1,1,'2022-04-11 12:14:31','2022-04-11 12:14:31'),(144,'2016-10-22',1,2,1,'2022-04-11 12:14:31','2022-04-11 12:14:31'),(145,'2016-03-06',4,1,1,'2022-04-11 12:14:31','2022-04-11 12:14:31'),(146,'2015-09-13',0,2,1,'2022-04-11 12:14:31','2022-04-11 12:14:31'),(147,'2015-03-21',0,0,1,'2022-04-11 12:14:31','2022-04-11 12:14:31'),(148,'2014-11-02',1,1,1,'2022-04-11 12:14:31','2022-04-11 12:14:31'),(149,'2014-02-23',0,3,1,'2022-04-11 12:14:31','2022-04-11 12:14:31'),(150,'2013-09-29',1,3,1,'2022-04-11 12:14:31','2022-04-11 12:14:31'),(151,'2009-05-17',1,1,1,'2022-04-11 12:14:31','2022-04-11 12:14:31'),(152,'2008-12-13',0,0,1,'2022-04-11 12:14:31','2022-04-11 12:14:31'),(153,'2021-09-19',2,0,1,'2022-04-11 12:15:01','2022-04-11 12:15:01'),(154,'2021-03-10',1,0,1,'2022-04-11 12:15:01','2022-04-11 12:15:01'),(155,'2020-12-16',2,1,1,'2022-04-11 12:15:01','2022-04-11 12:15:01'),(156,'2020-01-10',0,1,1,'2022-04-11 12:15:01','2022-04-11 12:15:01'),(157,'2019-09-29',1,1,1,'2022-04-11 12:15:01','2022-04-11 12:15:01'),(158,'2019-02-24',1,1,1,'2022-04-11 12:15:01','2022-04-11 12:15:01'),(159,'2018-08-26',2,2,1,'2022-04-11 12:15:01','2022-04-11 12:15:01'),(160,'2018-01-13',0,3,1,'2022-04-11 12:15:01','2022-04-11 12:15:01'),(161,'2017-12-13',2,2,2,'2022-04-11 12:15:01','2022-04-11 12:15:01'),(162,'2017-09-10',1,3,1,'2022-04-11 12:15:01','2022-04-11 12:15:01'),(163,'2017-02-18',2,0,1,'2022-04-11 12:15:01','2022-04-11 12:15:01'),(164,'2016-09-21',3,2,1,'2022-04-11 12:15:01','2022-04-11 12:15:01'),(165,'2016-03-18',2,5,1,'2022-04-11 12:15:02','2022-04-11 12:15:02'),(166,'2015-12-03',0,1,1,'2022-04-11 12:15:02','2022-04-11 12:15:02'),(167,'2015-02-07',1,1,1,'2022-04-11 12:15:02','2022-04-11 12:15:02'),(168,'2014-10-29',2,1,2,'2022-04-11 12:15:02','2022-04-11 12:15:02'),(169,'2014-09-20',3,0,1,'2022-04-11 12:15:02','2022-04-11 12:15:02'),(170,'2014-03-22',0,1,1,'2022-04-11 12:15:02','2022-04-11 12:15:02'),(171,'2013-11-02',1,1,1,'2022-04-11 12:15:02','2022-04-11 12:15:02'),(172,'2013-01-26',2,2,1,'2022-04-11 12:15:02','2022-04-11 12:15:02'),(173,'2012-09-02',3,1,1,'2022-04-11 12:15:02','2022-04-11 12:15:02'),(174,'2012-01-29',1,2,1,'2022-04-11 12:15:02','2022-04-11 12:15:02'),(175,'2011-09-10',0,1,1,'2022-04-11 12:15:02','2022-04-11 12:15:02'),(176,'2011-03-11',0,2,1,'2022-04-11 12:15:02','2022-04-11 12:15:02'),(177,'2010-12-01',0,0,1,'2022-04-11 12:15:02','2022-04-11 12:15:02'),(178,'2010-05-05',3,1,1,'2022-04-11 12:15:02','2022-04-11 12:15:02'),(179,'2009-08-22',1,1,1,'2022-04-11 12:15:02','2022-04-11 12:15:02'),(180,'2009-05-30',4,0,1,'2022-04-11 12:15:02','2022-04-11 12:15:02'),(181,'2008-08-09',4,4,1,'2022-04-11 12:15:02','2022-04-11 12:15:02'),(182,'2008-01-13',3,1,1,'2022-04-11 12:15:02','2022-04-11 12:15:02'),(183,'2021-12-01',1,2,1,'2022-04-11 12:16:03','2022-04-11 12:16:03'),(184,'2021-01-24',0,1,1,'2022-04-11 12:16:03','2022-04-11 12:16:03'),(185,'2020-08-22',1,1,1,'2022-04-11 12:16:03','2022-04-11 12:16:03'),(186,'2020-02-04',1,0,1,'2022-04-11 12:16:03','2022-04-11 12:16:03'),(187,'2019-09-22',1,1,1,'2022-04-11 12:16:03','2022-04-11 12:16:03'),(188,'2019-05-24',3,1,1,'2022-04-11 12:16:03','2022-04-11 12:16:03'),(189,'2019-02-06',2,1,2,'2022-04-11 12:16:03','2022-04-11 12:16:03'),(190,'2018-08-11',3,1,1,'2022-04-11 12:16:03','2022-04-11 12:16:03'),(191,'2018-01-17',1,2,1,'2022-04-11 12:16:03','2022-04-11 12:16:03'),(192,'2017-10-21',1,0,1,'2022-04-11 12:16:04','2022-04-11 12:16:04'),(193,'2017-04-15',2,0,1,'2022-04-11 12:16:04','2022-04-11 12:16:04'),(194,'2016-12-21',1,1,1,'2022-04-11 12:16:04','2022-04-11 12:16:04'),(195,'2016-02-07',1,1,1,'2022-04-11 12:16:04','2022-04-11 12:16:04'),(196,'2015-09-18',1,1,1,'2022-04-11 12:16:04','2022-04-11 12:16:04'),(197,'2015-03-15',3,0,1,'2022-04-11 12:16:04','2022-04-11 12:16:04'),(198,'2014-10-26',2,0,1,'2022-04-11 12:16:04','2022-04-11 12:16:04'),(199,'2014-03-27',2,0,2,'2022-04-11 12:16:04','2022-04-11 12:16:04'),(200,'2014-01-24',1,1,1,'2022-04-11 12:16:04','2022-04-11 12:16:04'),(201,'2013-08-31',0,0,1,'2022-04-11 12:16:04','2022-04-11 12:16:04'),(202,'2013-02-15',2,0,1,'2022-04-11 12:16:04','2022-04-11 12:16:04'),(203,'2012-09-28',2,0,1,'2022-04-11 12:16:04','2022-04-11 12:16:04'),(204,'2012-02-26',1,1,1,'2022-04-11 12:16:04','2022-04-11 12:16:04'),(205,'2011-10-02',2,0,1,'2022-04-11 12:16:04','2022-04-11 12:16:04'),(206,'2011-05-29',3,2,1,'2022-04-11 12:16:04','2022-04-11 12:16:04'),(207,'2010-08-07',1,1,1,'2022-04-11 12:16:04','2022-04-11 12:16:04'),(208,'2010-02-21',1,2,1,'2022-04-11 12:16:04','2022-04-11 12:16:04'),(209,'2010-01-13',3,1,2,'2022-04-11 12:16:04','2022-04-11 12:16:04'),(210,'2009-10-17',0,0,1,'2022-04-11 12:16:04','2022-04-11 12:16:04'),(211,'2009-01-18',1,0,1,'2022-04-11 12:16:04','2022-04-11 12:16:04'),(212,'2008-08-24',2,1,1,'2022-04-11 12:16:04','2022-04-11 12:16:04'),(213,'2008-02-16',3,1,1,'2022-04-11 12:16:04','2022-04-11 12:16:04'),(214,'2022-04-09',2,3,1,'2022-04-24 19:28:00','2022-04-24 19:28:00'),(215,'2022-04-15',2,3,1,'2022-04-24 19:28:17','2022-04-24 19:28:17'),(216,'2022-04-20',2,1,1,'2022-04-24 19:28:32','2022-04-24 19:28:32'),(217,'2022-04-24',5,0,1,'2022-04-24 19:29:04','2022-04-24 19:29:04'),(218,'2021-08-22',1,0,1,'2022-04-24 19:30:41','2022-04-24 19:30:41'),(219,'2021-04-11',1,0,1,'2022-04-24 19:30:41','2022-04-24 19:30:41'),(220,'2021-01-06',0,0,1,'2022-04-24 19:30:41','2022-04-24 19:30:41'),(221,'2020-01-31',3,2,1,'2022-04-24 19:30:41','2022-04-24 19:30:41'),(222,'2019-09-25',1,0,1,'2022-04-24 19:30:41','2022-04-24 19:30:41'),(223,'2019-01-13',0,1,1,'2022-04-24 19:30:41','2022-04-24 19:30:41'),(224,'2018-12-19',2,1,2,'2022-04-24 19:30:41','2022-04-24 19:30:41'),(225,'2018-11-11',1,1,1,'2022-04-24 19:30:41','2022-04-24 19:30:41'),(226,'2018-04-20',1,1,1,'2022-04-24 19:30:41','2022-04-24 19:30:41'),(227,'2017-11-25',2,1,1,'2022-04-24 19:30:41','2022-04-24 19:30:41'),(228,'2017-01-28',1,1,1,'2022-04-24 19:30:41','2022-04-24 19:30:41'),(229,'2016-10-22',1,2,1,'2022-04-24 19:30:41','2022-04-24 19:30:41'),(230,'2016-03-06',4,1,1,'2022-04-24 19:30:41','2022-04-24 19:30:41'),(231,'2015-09-13',0,2,1,'2022-04-24 19:30:41','2022-04-24 19:30:41'),(232,'2015-03-21',0,0,1,'2022-04-24 19:30:41','2022-04-24 19:30:41'),(233,'2014-11-02',1,1,1,'2022-04-24 19:30:41','2022-04-24 19:30:41'),(234,'2014-02-23',0,3,1,'2022-04-24 19:30:41','2022-04-24 19:30:41'),(235,'2013-09-29',1,3,1,'2022-04-24 19:30:41','2022-04-24 19:30:41'),(236,'2009-05-17',1,1,1,'2022-04-24 19:30:41','2022-04-24 19:30:41'),(237,'2008-12-13',0,0,1,'2022-04-24 19:30:41','2022-04-24 19:30:41'),(238,'2021-09-19',2,0,1,'2022-04-24 19:31:36','2022-04-24 19:31:36'),(239,'2021-03-10',1,0,1,'2022-04-24 19:31:36','2022-04-24 19:31:36'),(240,'2020-12-16',2,1,1,'2022-04-24 19:31:36','2022-04-24 19:31:36'),(241,'2020-01-10',0,1,1,'2022-04-24 19:31:36','2022-04-24 19:31:36'),(242,'2019-09-29',1,1,1,'2022-04-24 19:31:36','2022-04-24 19:31:36'),(243,'2019-02-24',1,1,1,'2022-04-24 19:31:36','2022-04-24 19:31:36'),(244,'2018-08-26',2,2,1,'2022-04-24 19:31:36','2022-04-24 19:31:36'),(245,'2018-01-13',0,3,1,'2022-04-24 19:31:37','2022-04-24 19:31:37'),(246,'2017-12-13',2,2,2,'2022-04-24 19:31:37','2022-04-24 19:31:37'),(247,'2017-09-10',1,3,1,'2022-04-24 19:31:37','2022-04-24 19:31:37'),(248,'2017-02-18',2,0,1,'2022-04-24 19:31:37','2022-04-24 19:31:37'),(249,'2016-09-21',3,2,1,'2022-04-24 19:31:37','2022-04-24 19:31:37'),(250,'2016-03-18',2,5,1,'2022-04-24 19:31:37','2022-04-24 19:31:37'),(251,'2015-12-03',0,1,1,'2022-04-24 19:31:37','2022-04-24 19:31:37'),(252,'2015-02-07',1,1,1,'2022-04-24 19:31:37','2022-04-24 19:31:37'),(253,'2014-10-29',2,1,2,'2022-04-24 19:31:37','2022-04-24 19:31:37'),(254,'2014-09-20',3,0,1,'2022-04-24 19:31:37','2022-04-24 19:31:37'),(255,'2014-03-22',0,1,1,'2022-04-24 19:31:37','2022-04-24 19:31:37'),(256,'2013-11-02',1,1,1,'2022-04-24 19:31:37','2022-04-24 19:31:37'),(257,'2013-01-26',2,2,1,'2022-04-24 19:31:37','2022-04-24 19:31:37'),(258,'2012-09-02',3,1,1,'2022-04-24 19:31:37','2022-04-24 19:31:37'),(259,'2012-01-29',1,2,1,'2022-04-24 19:31:37','2022-04-24 19:31:37'),(260,'2011-09-10',0,1,1,'2022-04-24 19:31:37','2022-04-24 19:31:37'),(261,'2011-03-11',0,2,1,'2022-04-24 19:31:37','2022-04-24 19:31:37'),(262,'2010-12-01',0,0,1,'2022-04-24 19:31:37','2022-04-24 19:31:37'),(263,'2010-05-05',3,1,1,'2022-04-24 19:31:37','2022-04-24 19:31:37'),(264,'2009-08-22',1,1,1,'2022-04-24 19:31:37','2022-04-24 19:31:37'),(265,'2009-05-30',4,0,1,'2022-04-24 19:31:37','2022-04-24 19:31:37'),(266,'2008-08-09',4,4,1,'2022-04-24 19:31:37','2022-04-24 19:31:37'),(267,'2008-01-13',3,1,1,'2022-04-24 19:31:37','2022-04-24 19:31:37'),(268,'2021-12-01',1,2,1,'2022-04-24 19:32:09','2022-04-24 19:32:09'),(269,'2021-01-24',0,1,1,'2022-04-24 19:32:09','2022-04-24 19:32:09'),(270,'2020-08-22',1,1,1,'2022-04-24 19:32:09','2022-04-24 19:32:09'),(271,'2020-02-04',1,0,1,'2022-04-24 19:32:09','2022-04-24 19:32:09'),(272,'2019-09-22',1,1,1,'2022-04-24 19:32:09','2022-04-24 19:32:09'),(273,'2019-05-24',3,1,1,'2022-04-24 19:32:09','2022-04-24 19:32:09'),(274,'2019-02-06',2,1,2,'2022-04-24 19:32:09','2022-04-24 19:32:09'),(275,'2018-08-11',3,1,1,'2022-04-24 19:32:09','2022-04-24 19:32:09'),(276,'2018-01-17',1,2,1,'2022-04-24 19:32:09','2022-04-24 19:32:09'),(277,'2017-10-21',1,0,1,'2022-04-24 19:32:09','2022-04-24 19:32:09'),(278,'2017-04-15',2,0,1,'2022-04-24 19:32:09','2022-04-24 19:32:09'),(279,'2016-12-21',1,1,1,'2022-04-24 19:32:09','2022-04-24 19:32:09'),(280,'2016-02-07',1,1,1,'2022-04-24 19:32:09','2022-04-24 19:32:09'),(281,'2015-09-18',1,1,1,'2022-04-24 19:32:09','2022-04-24 19:32:09'),(282,'2015-03-15',3,0,1,'2022-04-24 19:32:09','2022-04-24 19:32:09'),(283,'2014-10-26',2,0,1,'2022-04-24 19:32:09','2022-04-24 19:32:09'),(284,'2014-03-27',2,0,2,'2022-04-24 19:32:09','2022-04-24 19:32:09'),(285,'2014-01-24',1,1,1,'2022-04-24 19:32:09','2022-04-24 19:32:09'),(286,'2013-08-31',0,0,1,'2022-04-24 19:32:09','2022-04-24 19:32:09'),(287,'2013-02-15',2,0,1,'2022-04-24 19:32:09','2022-04-24 19:32:09'),(288,'2012-09-28',2,0,1,'2022-04-24 19:32:09','2022-04-24 19:32:09'),(289,'2012-02-26',1,1,1,'2022-04-24 19:32:09','2022-04-24 19:32:09'),(290,'2011-10-02',2,0,1,'2022-04-24 19:32:09','2022-04-24 19:32:09'),(291,'2011-05-29',3,2,1,'2022-04-24 19:32:09','2022-04-24 19:32:09'),(292,'2010-08-07',1,1,1,'2022-04-24 19:32:09','2022-04-24 19:32:09'),(293,'2010-02-21',1,2,1,'2022-04-24 19:32:09','2022-04-24 19:32:09'),(294,'2010-01-13',3,1,2,'2022-04-24 19:32:09','2022-04-24 19:32:09'),(295,'2009-10-17',0,0,1,'2022-04-24 19:32:09','2022-04-24 19:32:09'),(296,'2009-01-18',1,0,1,'2022-04-24 19:32:09','2022-04-24 19:32:09'),(297,'2008-08-24',2,1,1,'2022-04-24 19:32:09','2022-04-24 19:32:09'),(298,'2008-02-16',3,1,1,'2022-04-24 19:32:09','2022-04-24 19:32:09'),(360,'2021-12-05',0,5,1,'2022-04-24 21:38:19','2022-04-24 21:38:19'),(361,'2021-02-14',0,2,1,'2022-04-24 21:38:19','2022-04-24 21:38:19'),(362,'2020-09-26',0,3,1,'2022-04-24 21:38:19','2022-04-24 21:38:19'),(363,'2020-03-05',2,1,2,'2022-04-24 21:38:19','2022-04-24 21:38:19'),(364,'2019-12-01',2,1,1,'2022-04-24 21:38:19','2022-04-24 21:38:19'),(365,'2019-02-10',3,0,1,'2022-04-24 21:38:19','2022-04-24 21:38:19'),(366,'2018-10-21',1,1,1,'2022-04-24 21:38:19','2022-04-24 21:38:19'),(367,'2018-03-10',1,1,1,'2022-04-24 21:38:19','2022-04-24 21:38:19'),(368,'2017-09-24',2,2,1,'2022-04-24 21:38:19','2022-04-24 21:38:19'),(369,'2017-04-23',1,1,1,'2022-04-24 21:38:19','2022-04-24 21:38:19'),(370,'2016-12-04',2,0,1,'2022-04-24 21:38:19','2022-04-24 21:38:19'),(371,'2016-02-04',0,1,1,'2022-04-24 21:38:19','2022-04-24 21:38:19'),(372,'2015-12-06',1,1,1,'2022-04-24 21:38:20','2022-04-24 21:38:20'),(373,'2015-01-18',0,0,1,'2022-04-24 21:38:20','2022-04-24 21:38:20'),(374,'2014-08-24',0,0,1,'2022-04-24 21:38:20','2022-04-24 21:38:20'),(375,'2014-04-18',0,0,1,'2022-04-24 21:38:20','2022-04-24 21:38:20'),(376,'2013-12-04',3,1,1,'2022-04-24 21:38:20','2022-04-24 21:38:20'),(377,'2013-04-20',1,0,2,'2022-04-24 21:38:20','2022-04-24 21:38:20'),(378,'2013-03-08',2,2,1,'2022-04-24 21:38:20','2022-04-24 21:38:20'),(379,'2012-10-26',2,0,1,'2022-04-24 21:38:20','2022-04-24 21:38:20'),(380,'2012-02-19',4,0,1,'2022-04-24 21:38:20','2022-04-24 21:38:20'),(381,'2011-09-25',1,1,1,'2022-04-24 21:38:20','2022-04-24 21:38:20'),(382,'2011-05-15',1,2,1,'2022-04-24 21:38:20','2022-04-24 21:38:20'),(383,'2010-08-21',0,0,1,'2022-04-24 21:38:20','2022-04-24 21:38:20'),(384,'2010-01-19',0,0,1,'2022-04-24 21:38:20','2022-04-24 21:38:20'),(385,'2009-09-13',1,0,1,'2022-04-24 21:38:20','2022-04-24 21:38:20'),(386,'2009-04-11',1,0,1,'2022-04-24 21:38:20','2022-04-24 21:38:20'),(387,'2009-01-24',2,0,2,'2022-04-24 21:38:20','2022-04-24 21:38:20'),(388,'2008-11-09',0,3,1,'2022-04-24 21:38:20','2022-04-24 21:38:20'),(389,'2008-01-19',2,0,1,'2022-04-24 21:38:20','2022-04-24 21:38:20');
/*!40000 ALTER TABLE `h2h` ENABLE KEYS */;
UNLOCK TABLES;
DROP TABLE IF EXISTS `migrations`;
/*!40101 SET @saved_cs_client     = @@character_set_client */;
/*!50503 SET character_set_client = utf8mb4 */;
CREATE TABLE `migrations` (
  `id` int unsigned NOT NULL AUTO_INCREMENT,
  `migration` varchar(255) CHARACTER SET utf8mb4 COLLATE utf8mb4_unicode_ci NOT NULL,
  `batch` int NOT NULL,
  PRIMARY KEY (`id`)
) ENGINE=InnoDB AUTO_INCREMENT=37 DEFAULT CHARSET=utf8mb4 COLLATE=utf8mb4_unicode_ci;
/*!40101 SET character_set_client = @saved_cs_client */;

LOCK TABLES `migrations` WRITE;
/*!40000 ALTER TABLE `migrations` DISABLE KEYS */;
INSERT INTO `migrations` VALUES (21,'2014_10_12_000000_create_users_table',1),(22,'2014_10_12_100000_create_password_resets_table',1),(23,'2019_08_19_000000_create_failed_jobs_table',1),(24,'2019_12_14_000001_create_personal_access_tokens_table',1),(25,'2022_03_09_151143_create_calendars_table',1),(26,'2022_03_09_151329_create_fixtures_table',1),(27,'2022_03_16_085952_create_standings_table',1),(28,'2022_03_16_091536_create_general_standings_table',1),(29,'2022_03_16_092801_create_scorers_table',1),(30,'2022_03_24_120651_create_table_clubs',2),(31,'2022_03_24_120701_create_table_competitions',2),(32,'2022_03_24_120651_create_clubs',3),(33,'2022_03_24_120701_create_competitions',3),(34,'2022_03_24_120739_create_h2h',4),(35,'2022_03_24_170201_create_club_h2h_table',5),(36,'2022_04_06_190012_add_column_fixture_to_calendars',6);
/*!40000 ALTER TABLE `migrations` ENABLE KEYS */;
UNLOCK TABLES;
DROP TABLE IF EXISTS `password_resets`;
/*!40101 SET @saved_cs_client     = @@character_set_client */;
/*!50503 SET character_set_client = utf8mb4 */;
CREATE TABLE `password_resets` (
  `email` varchar(255) CHARACTER SET utf8mb4 COLLATE utf8mb4_unicode_ci NOT NULL,
  `token` varchar(255) CHARACTER SET utf8mb4 COLLATE utf8mb4_unicode_ci NOT NULL,
  `created_at` timestamp NULL DEFAULT NULL,
  KEY `password_resets_email_index` (`email`)
) ENGINE=InnoDB DEFAULT CHARSET=utf8mb4 COLLATE=utf8mb4_unicode_ci;
/*!40101 SET character_set_client = @saved_cs_client */;

LOCK TABLES `password_resets` WRITE;
/*!40000 ALTER TABLE `password_resets` DISABLE KEYS */;
/*!40000 ALTER TABLE `password_resets` ENABLE KEYS */;
UNLOCK TABLES;
DROP TABLE IF EXISTS `personal_access_tokens`;
/*!40101 SET @saved_cs_client     = @@character_set_client */;
/*!50503 SET character_set_client = utf8mb4 */;
CREATE TABLE `personal_access_tokens` (
  `id` bigint unsigned NOT NULL AUTO_INCREMENT,
  `tokenable_type` varchar(255) CHARACTER SET utf8mb4 COLLATE utf8mb4_unicode_ci NOT NULL,
  `tokenable_id` bigint unsigned NOT NULL,
  `name` varchar(255) CHARACTER SET utf8mb4 COLLATE utf8mb4_unicode_ci NOT NULL,
  `token` varchar(64) CHARACTER SET utf8mb4 COLLATE utf8mb4_unicode_ci NOT NULL,
  `abilities` text CHARACTER SET utf8mb4 COLLATE utf8mb4_unicode_ci,
  `last_used_at` timestamp NULL DEFAULT NULL,
  `created_at` timestamp NULL DEFAULT NULL,
  `updated_at` timestamp NULL DEFAULT NULL,
  PRIMARY KEY (`id`),
  UNIQUE KEY `personal_access_tokens_token_unique` (`token`),
  KEY `personal_access_tokens_tokenable_type_tokenable_id_index` (`tokenable_type`,`tokenable_id`)
) ENGINE=InnoDB DEFAULT CHARSET=utf8mb4 COLLATE=utf8mb4_unicode_ci;
/*!40101 SET character_set_client = @saved_cs_client */;

LOCK TABLES `personal_access_tokens` WRITE;
/*!40000 ALTER TABLE `personal_access_tokens` DISABLE KEYS */;
/*!40000 ALTER TABLE `personal_access_tokens` ENABLE KEYS */;
UNLOCK TABLES;
DROP TABLE IF EXISTS `scorers`;
/*!40101 SET @saved_cs_client     = @@character_set_client */;
/*!50503 SET character_set_client = utf8mb4 */;
CREATE TABLE `scorers` (
  `id` bigint unsigned NOT NULL AUTO_INCREMENT,
  `league` int NOT NULL,
  `season` int NOT NULL,
  `club_id` int NOT NULL,
  `player_id` int NOT NULL,
  `total` tinyint NOT NULL,
  `home` tinyint NOT NULL,
  `away` tinyint NOT NULL,
  `photo` varchar(255) CHARACTER SET utf8mb4 COLLATE utf8mb4_unicode_ci NOT NULL,
  `first_name` varchar(255) CHARACTER SET utf8mb4 COLLATE utf8mb4_unicode_ci NOT NULL,
  `last_name` varchar(255) CHARACTER SET utf8mb4 COLLATE utf8mb4_unicode_ci NOT NULL,
  `created_at` timestamp NULL DEFAULT NULL,
  `updated_at` timestamp NULL DEFAULT NULL,
  PRIMARY KEY (`id`)
) ENGINE=InnoDB AUTO_INCREMENT=30 DEFAULT CHARSET=utf8mb4 COLLATE=utf8mb4_unicode_ci;
/*!40101 SET character_set_client = @saved_cs_client */;

LOCK TABLES `scorers` WRITE;
/*!40000 ALTER TABLE `scorers` DISABLE KEYS */;
INSERT INTO `scorers` VALUES (1,61,2021,94,21592,15,9,6,'https://media.api-sports.io/football/players/21592.png','Gaetan','Laborde','2022-03-16 21:07:21','2022-04-24 21:44:13'),(2,61,2021,94,663,21,10,11,'https://media.api-sports.io/football/players/663.png','Martin','Terrier','2022-03-16 21:07:21','2022-04-24 21:42:59'),(3,61,2021,94,2206,9,5,4,'https://media.api-sports.io/football/players/2206.png','Benjamin','Bourigeaud','2022-03-16 21:07:21','2022-04-24 21:43:47'),(4,61,2021,79,8489,13,7,6,'https://media.api-sports.io/football/players/8489.png','Jonathan','David','2022-03-16 21:07:21','2022-03-16 21:07:21'),(5,61,2021,83,21104,11,7,4,'https://media.api-sports.io/football/players/21104.png','Randal','Kolo Muani','2022-03-16 21:07:21','2022-04-10 21:45:30'),(6,61,2021,83,21497,9,5,4,'https://media.api-sports.io/football/players/21497.png','Ludovic','Blas','2022-03-16 21:07:21','2022-04-10 21:48:28'),(7,61,2021,1063,22102,10,7,3,'https://media.api-sports.io/football/players/22102.png','Wahbi','Khazri','2022-03-16 21:07:21','2022-04-24 19:19:45'),(8,61,2021,1063,21437,8,3,5,'https://media.api-sports.io/football/players/21437.png','Denis','Bouanga','2022-03-16 21:07:21','2022-04-20 20:02:35'),(9,61,2021,95,22264,11,6,5,'https://media.api-sports.io/football/players/22264.png','Ludovic','Ajorque','2022-03-16 21:15:34','2022-04-10 21:46:21'),(10,61,2021,95,20535,10,5,5,'https://media.api-sports.io/football/players/20535.png','Habib','Diallo','2022-03-16 21:15:34','2022-04-17 20:43:32'),(11,61,2021,95,22261,7,5,2,'https://media.api-sports.io/football/players/22261.png','Adrien','Thomasson','2022-03-16 21:15:34','2022-03-16 21:15:34'),(12,61,2021,95,933,9,3,6,'https://media.api-sports.io/football/players/933.png','Kevin','Gameiro','2022-03-16 21:15:34','2022-03-22 17:14:35'),(13,61,2021,84,21591,10,4,6,'https://media.api-sports.io/football/players/21591.png','Andy','Delort','2022-03-16 21:15:34','2022-04-02 17:01:11'),(14,61,2021,84,85041,10,3,7,'https://media.api-sports.io/football/players/85041.png','Amine','Gouiri','2022-03-16 21:15:34','2022-03-16 21:15:34'),(15,61,2021,81,1912,12,6,6,'https://media.api-sports.io/football/players/1912.png','Dimitri','Payet','2022-03-16 21:15:34','2022-04-20 20:19:33'),(16,61,2021,81,785,9,5,4,'https://media.api-sports.io/football/players/785.png','Cengiz','Under','2022-03-16 21:15:34','2022-04-10 21:49:23'),(17,61,2021,81,333,7,5,2,'https://media.api-sports.io/football/players/333.png','Arkadiusz','Milik','2022-03-16 21:15:34','2022-03-16 21:15:34'),(18,61,2021,81,284072,6,2,4,'https://media.api-sports.io/football/players/284072.png','Bamba','Dieng','2022-03-16 21:15:34','2022-04-10 21:54:54'),(19,61,2021,112,1275,4,2,2,'https://media.api-sports.io/football/players/1275.png','Nicolas','de Preville','2022-03-16 21:17:28','2022-03-16 21:17:28'),(20,61,2021,112,20654,4,2,2,'https://media.api-sports.io/football/players/20654.png','Fabien','Centonze','2022-03-16 21:17:28','2022-03-16 21:17:28'),(21,61,2021,112,20537,3,1,2,'https://media.api-sports.io/football/players/20537.png','Ibrahima','Niane','2022-03-16 21:17:28','2022-03-16 21:17:28'),(22,61,2021,97,69971,7,5,2,'https://media.api-sports.io/football/players/69971.png','Terem','Moffi','2022-03-16 21:19:42','2022-04-10 21:53:29'),(23,61,2021,97,2215,5,1,4,'https://media.api-sports.io/football/players/2215.png','Armand','Lauriente','2022-03-16 21:19:42','2022-04-17 20:41:53'),(24,61,2021,97,144319,3,1,2,'https://media.api-sports.io/football/players/144319.png','Sambou','Soumano','2022-03-16 21:19:42','2022-03-16 21:19:42'),(25,61,2021,91,2059,19,14,5,'https://media.api-sports.io/football/players/2059.png','Wissam','Ben Yedder','2022-03-16 21:24:05','2022-04-17 20:40:55'),(26,61,2021,91,107,6,2,4,'https://media.api-sports.io/football/players/107.png','Sofiane','Diop','2022-03-16 21:24:05','2022-03-16 21:24:05'),(27,61,2021,91,989,7,6,1,'https://media.api-sports.io/football/players/989.png','Kevin','Volland','2022-03-16 21:24:05','2022-04-10 21:51:22'),(28,61,2021,93,174565,9,4,5,'https://media.api-sports.io/football/players/174565.png','Hugo','Ekitike','2022-03-16 21:24:05','2022-03-16 21:24:05'),(29,61,2021,94,21393,8,7,1,'https://media.api-sports.io/football/players/21393.png','Serhou','Guirassy','2022-03-20 17:44:42','2022-03-20 17:44:42');
/*!40000 ALTER TABLE `scorers` ENABLE KEYS */;
UNLOCK TABLES;
DROP TABLE IF EXISTS `standings`;
/*!40101 SET @saved_cs_client     = @@character_set_client */;
/*!50503 SET character_set_client = utf8mb4 */;
CREATE TABLE `standings` (
  `id` bigint unsigned NOT NULL AUTO_INCREMENT,
  `league` int NOT NULL,
  `season` int NOT NULL,
  `club_id` int NOT NULL,
  `name` varchar(255) CHARACTER SET utf8mb4 COLLATE utf8mb4_unicode_ci NOT NULL,
  `location` varchar(255) CHARACTER SET utf8mb4 COLLATE utf8mb4_unicode_ci NOT NULL,
  `rank` tinyint NOT NULL,
  `points` smallint NOT NULL,
  `played` tinyint NOT NULL,
  `win` tinyint NOT NULL,
  `draw` tinyint NOT NULL,
  `lose` tinyint NOT NULL,
  `goals_for` tinyint unsigned NOT NULL,
  `goals_against` tinyint unsigned NOT NULL,
  `goals_diff` smallint NOT NULL,
  `last5` varchar(255) CHARACTER SET utf8mb4 COLLATE utf8mb4_unicode_ci NOT NULL,
  `created_at` timestamp NULL DEFAULT NULL,
  `updated_at` timestamp NULL DEFAULT NULL,
  PRIMARY KEY (`id`)
) ENGINE=InnoDB AUTO_INCREMENT=41 DEFAULT CHARSET=utf8mb4 COLLATE=utf8mb4_unicode_ci;
/*!40101 SET character_set_client = @saved_cs_client */;

LOCK TABLES `standings` WRITE;
/*!40000 ALTER TABLE `standings` DISABLE KEYS */;
INSERT INTO `standings` VALUES (1,61,2021,85,'Paris SG','home',1,47,17,15,2,2,42,10,32,'DWWWW','2022-03-16 12:38:37','2022-04-24 20:56:47'),(2,61,2021,94,'Stade Rennais','home',2,37,17,12,1,4,46,13,33,'WLWWW','2022-03-16 12:40:39','2022-04-24 20:56:47'),(3,61,2021,83,'Nantes','home',6,33,17,10,3,4,30,18,12,'WDLWW','2022-03-16 12:51:17','2022-04-24 20:56:47'),(4,61,2021,95,'Strasbourg','home',5,34,17,10,4,3,32,15,17,'WDWWD','2022-03-16 12:51:17','2022-04-24 20:56:47'),(5,61,2021,80,'Lyon','home',3,35,18,10,5,3,39,23,16,'WWWLL','2022-03-16 12:51:17','2022-04-24 20:56:47'),(6,61,2021,91,'Monaco','home',4,34,17,10,4,3,32,14,18,'WWWLD','2022-03-16 13:01:45','2022-04-24 20:56:47'),(7,61,2021,82,'Montpellier','home',11,25,17,7,4,6,25,20,5,'DLDLL','2022-03-16 13:01:45','2022-04-24 20:56:47'),(8,61,2021,84,'Nice','home',8,31,17,9,4,4,22,16,6,'WWDWW','2022-03-16 13:01:45','2022-04-24 20:56:47'),(9,61,2021,79,'Lille','home',10,28,17,7,7,3,21,18,3,'WLDDW','2022-03-16 13:01:47','2022-04-24 20:56:47'),(10,61,2021,116,'Lens','home',7,32,17,9,5,3,31,16,15,'WWWLD','2022-03-16 13:06:31','2022-04-24 20:56:47'),(11,61,2021,81,'Marseille','home',9,29,17,8,5,4,29,19,10,'WWWLL','2022-03-16 13:18:00','2022-04-24 20:56:47'),(12,61,2021,106,'Brest','home',13,22,16,6,4,6,24,24,0,'WDLLW','2022-03-16 13:18:00','2022-04-20 20:54:07'),(13,61,2021,93,'Reims','home',14,21,17,5,6,6,22,18,4,'LWLDD','2022-03-16 13:18:00','2022-04-24 20:56:47'),(14,61,2021,77,'Angers','home',15,20,17,6,2,9,17,22,-5,'LDWLL','2022-03-16 13:18:01','2022-04-20 20:54:07'),(15,61,2021,97,'Lorient','home',12,23,16,6,5,5,18,16,2,'WWDLL','2022-03-16 13:24:04','2022-04-20 20:54:07'),(16,61,2021,110,'Troyes','home',16,19,17,4,6,7,16,21,-5,'LDWLL','2022-03-16 13:24:04','2022-04-20 20:54:07'),(17,61,2021,99,'Clermont','home',19,15,17,3,6,8,19,30,-11,'DLLDD','2022-03-16 13:24:04','2022-04-24 20:56:47'),(18,61,2021,1063,'Saint-Etienne','home',17,18,18,4,6,8,23,36,-13,'LWLDL','2022-03-16 13:24:05','2022-04-24 20:56:47'),(19,61,2021,78,'Bordeaux','home',18,15,17,3,6,8,25,32,-7,'DWLLD','2022-03-16 13:27:17','2022-04-20 20:54:06'),(20,61,2021,112,'Metz','home',20,10,17,1,7,9,17,29,-12,'LDLDD','2022-03-16 13:27:18','2022-04-24 20:56:47'),(21,61,2021,81,'Marseille','away',1,36,17,11,3,3,27,14,13,'WLWWD','2022-03-16 13:45:59','2022-04-24 20:56:47'),(22,61,2021,84,'Nice','away',3,27,17,8,3,6,21,13,8,'LLLDD','2022-03-16 13:46:00','2022-04-20 20:54:07'),(23,61,2021,85,'Paris-SG','away',2,31,17,9,4,4,34,21,13,'WWLLL','2022-03-16 13:46:00','2022-04-20 20:54:06'),(24,61,2021,95,'Strasbourg','away',8,22,17,5,7,5,23,21,2,'LDDDD','2022-03-16 13:46:00','2022-04-24 20:56:47'),(25,61,2021,79,'Lille','away',5,23,17,6,5,6,21,22,-1,'LDWWW','2022-03-16 13:46:00','2022-04-24 20:56:47'),(26,61,2021,94,'Stade Rennais','away',7,22,17,6,4,7,29,23,6,'LWDWW','2022-03-16 13:46:01','2022-04-24 20:56:47'),(27,61,2021,116,'Lens','away',9,22,17,6,4,7,22,26,-4,'DWLDW','2022-03-16 14:08:09','2022-04-24 20:56:47'),(28,61,2021,93,'Reims','away',10,19,17,4,7,6,14,19,-5,'DLWWL','2022-03-16 14:08:09','2022-04-17 20:47:17'),(29,61,2021,106,'Brest','away',6,23,18,6,5,7,19,24,-5,'WLWLW','2022-03-16 14:08:09','2022-04-24 20:56:47'),(30,61,2021,91,'Monaco','away',4,25,17,7,4,6,23,21,2,'WWWLW','2022-03-16 14:08:09','2022-04-24 20:56:47'),(31,61,2021,80,'Lyon','away',11,18,16,4,6,6,17,22,-5,'LDDWD','2022-03-16 14:08:09','2022-04-20 20:54:06'),(32,61,2021,82,'Montpellier','away',14,17,17,5,2,10,21,31,-10,'LLLWL','2022-03-16 14:08:09','2022-04-24 20:56:47'),(33,61,2021,112,'Metz','away',17,14,17,3,5,9,12,31,-19,'LLLLD','2022-03-16 14:08:09','2022-04-20 20:54:07'),(34,61,2021,99,'Clermont','away',12,18,17,5,3,9,16,33,-17,'WDLLW','2022-03-16 14:08:10','2022-04-20 20:54:07'),(35,61,2021,83,'Nantes','away',13,17,17,4,5,8,18,23,-5,'LDWLD','2022-03-16 14:13:03','2022-04-20 20:54:07'),(36,61,2021,77,'Angers','away',15,15,17,2,9,6,21,29,-8,'DDLLL','2022-03-16 14:13:03','2022-04-24 20:56:47'),(37,61,2021,110,'Troyes','away',16,14,17,4,2,11,15,31,-16,'LLDWL','2022-03-16 14:13:03','2022-04-24 20:56:47'),(38,61,2021,1063,'Saint-Etienne','away',18,13,16,3,4,9,15,32,-17,'DLDLW','2022-03-16 14:13:03','2022-04-20 20:54:06'),(39,61,2021,97,'Lorient','away',20,11,18,2,5,11,15,41,-26,'LLLWW','2022-03-16 14:13:03','2022-04-24 20:56:47'),(40,61,2021,78,'Bordeaux','away',19,12,17,2,6,9,22,52,-30,'LLDLD','2022-03-16 14:13:03','2022-04-24 20:56:47');
/*!40000 ALTER TABLE `standings` ENABLE KEYS */;
UNLOCK TABLES;
DROP TABLE IF EXISTS `users`;
/*!40101 SET @saved_cs_client     = @@character_set_client */;
/*!50503 SET character_set_client = utf8mb4 */;
CREATE TABLE `users` (
  `id` bigint unsigned NOT NULL AUTO_INCREMENT,
  `name` varchar(255) CHARACTER SET utf8mb4 COLLATE utf8mb4_unicode_ci NOT NULL,
  `email` varchar(255) CHARACTER SET utf8mb4 COLLATE utf8mb4_unicode_ci NOT NULL,
  `email_verified_at` timestamp NULL DEFAULT NULL,
  `password` varchar(255) CHARACTER SET utf8mb4 COLLATE utf8mb4_unicode_ci NOT NULL,
  `remember_token` varchar(100) CHARACTER SET utf8mb4 COLLATE utf8mb4_unicode_ci DEFAULT NULL,
  `created_at` timestamp NULL DEFAULT NULL,
  `updated_at` timestamp NULL DEFAULT NULL,
  PRIMARY KEY (`id`),
  UNIQUE KEY `users_email_unique` (`email`)
) ENGINE=InnoDB AUTO_INCREMENT=2 DEFAULT CHARSET=utf8mb4 COLLATE=utf8mb4_unicode_ci;
/*!40101 SET character_set_client = @saved_cs_client */;

LOCK TABLES `users` WRITE;
/*!40000 ALTER TABLE `users` DISABLE KEYS */;
INSERT INTO `users` VALUES (1,'Sylvain','test@test.com',NULL,'$2y$10$ETO6oPxj8Fq3Zqt7MTRQeuf8sNe.cs5rD8FrHb0N2yZekv9YMj7Gm',NULL,'2022-03-18 15:52:04','2022-03-18 15:52:04');
/*!40000 ALTER TABLE `users` ENABLE KEYS */;
UNLOCK TABLES;
/*!40103 SET TIME_ZONE=@OLD_TIME_ZONE */;

/*!40101 SET SQL_MODE=@OLD_SQL_MODE */;
/*!40014 SET FOREIGN_KEY_CHECKS=@OLD_FOREIGN_KEY_CHECKS */;
/*!40014 SET UNIQUE_CHECKS=@OLD_UNIQUE_CHECKS */;
/*!40101 SET CHARACTER_SET_CLIENT=@OLD_CHARACTER_SET_CLIENT */;
/*!40101 SET CHARACTER_SET_RESULTS=@OLD_CHARACTER_SET_RESULTS */;
/*!40101 SET COLLATION_CONNECTION=@OLD_COLLATION_CONNECTION */;
/*!40111 SET SQL_NOTES=@OLD_SQL_NOTES */;

