
/*!40101 SET @OLD_CHARACTER_SET_CLIENT=@@CHARACTER_SET_CLIENT */;
/*!40101 SET @OLD_CHARACTER_SET_RESULTS=@@CHARACTER_SET_RESULTS */;
/*!40101 SET @OLD_COLLATION_CONNECTION=@@COLLATION_CONNECTION */;
/*!50503 SET NAMES utf8mb4 */;
/*!40103 SET @OLD_TIME_ZONE=@@TIME_ZONE */;
/*!40103 SET TIME_ZONE='+00:00' */;
/*!40014 SET @OLD_UNIQUE_CHECKS=@@UNIQUE_CHECKS, UNIQUE_CHECKS=0 */;
/*!40014 SET @OLD_FOREIGN_KEY_CHECKS=@@FOREIGN_KEY_CHECKS, FOREIGN_KEY_CHECKS=0 */;
/*!40101 SET @OLD_SQL_MODE=@@SQL_MODE, SQL_MODE='NO_AUTO_VALUE_ON_ZERO' */;
/*!40111 SET @OLD_SQL_NOTES=@@SQL_NOTES, SQL_NOTES=0 */;
DROP TABLE IF EXISTS `calendars`;
/*!40101 SET @saved_cs_client     = @@character_set_client */;
/*!50503 SET character_set_client = utf8mb4 */;
CREATE TABLE `calendars` (
  `id` bigint unsigned NOT NULL AUTO_INCREMENT,
  `label` varchar(255) CHARACTER SET utf8mb4 COLLATE utf8mb4_unicode_ci NOT NULL,
  `kickoff` datetime NOT NULL,
  `created_at` timestamp NULL DEFAULT NULL,
  `updated_at` timestamp NULL DEFAULT NULL,
  `fixture` int NOT NULL,
  PRIMARY KEY (`id`)
) ENGINE=InnoDB AUTO_INCREMENT=105 DEFAULT CHARSET=utf8mb4 COLLATE=utf8mb4_unicode_ci;
/*!40101 SET character_set_client = @saved_cs_client */;

LOCK TABLES `calendars` WRITE;
/*!40000 ALTER TABLE `calendars` DISABLE KEYS */;
INSERT INTO `calendars` VALUES (29,'Ligue 1 - Rennes-Metz','2022-03-20 15:00:00','2022-03-18 15:39:12','2022-03-31 15:26:49',718639),(30,'Ligue 1 - Nice-Rennes','2022-04-02 17:00:00','2022-03-18 15:39:12','2022-03-23 11:04:29',718646),(31,'Ligue 1 - Reims-Rennes','2022-04-09 17:00:00','2022-03-18 15:39:12','2022-04-02 17:02:18',718659),(32,'Ligue 1 - Rennes-Monaco','2022-04-17 15:00:00','2022-03-18 15:40:29','2022-03-18 15:40:29',718668),(33,'Ligue 1 - Strasbourg-Rennes','2022-04-20 15:00:00','2022-03-18 15:40:29','2022-03-22 21:35:44',718679),(34,'Ligue 1 - Rennes-Lorient','2022-04-24 15:00:00','2022-03-18 15:40:29','2022-03-18 15:40:29',718689),(35,'Ligue 1 - Rennes-Saint-Etienne','2022-05-01 15:00:00','2022-03-18 15:40:29','2022-03-18 15:40:29',718698),(36,'Ligue 1 - Nantes-Rennes','2022-05-11 15:00:00','2022-03-18 15:40:29','2022-03-18 15:40:29',718707),(37,'Ligue 1 - Rennes-Marseille','2022-05-14 15:00:00','2022-03-18 15:40:29','2022-03-18 15:40:29',718717),(38,'Ligue 1 - Lille-Rennes','2022-05-21 15:00:00','2022-03-18 15:40:29','2022-03-18 15:40:29',718725);
/*!40000 ALTER TABLE `calendars` ENABLE KEYS */;
UNLOCK TABLES;
DROP TABLE IF EXISTS `club_h2h`;
/*!40101 SET @saved_cs_client     = @@character_set_client */;
/*!50503 SET character_set_client = utf8mb4 */;
CREATE TABLE `club_h2h` (
  `id` bigint unsigned NOT NULL AUTO_INCREMENT,
  `club_id` bigint unsigned NOT NULL,
  `head2head_id` bigint unsigned NOT NULL,
  `location` varchar(255) CHARACTER SET utf8mb4 COLLATE utf8mb4_unicode_ci NOT NULL,
  `created_at` timestamp NULL DEFAULT NULL,
  `updated_at` timestamp NULL DEFAULT NULL,
  PRIMARY KEY (`id`)
) ENGINE=InnoDB AUTO_INCREMENT=135 DEFAULT CHARSET=utf8mb4 COLLATE=utf8mb4_unicode_ci;
/*!40101 SET character_set_client = @saved_cs_client */;

LOCK TABLES `club_h2h` WRITE;
/*!40000 ALTER TABLE `club_h2h` DISABLE KEYS */;
INSERT INTO `club_h2h` VALUES (9,94,9,'home',NULL,NULL),(10,112,9,'away',NULL,NULL),(11,112,10,'home',NULL,NULL),(12,94,10,'away',NULL,NULL),(13,112,11,'home',NULL,NULL),(14,94,11,'away',NULL,NULL),(15,94,12,'home',NULL,NULL),(16,112,12,'away',NULL,NULL),(17,112,13,'home',NULL,NULL),(18,94,13,'away',NULL,NULL),(19,94,14,'home',NULL,NULL),(20,112,14,'away',NULL,NULL),(21,112,15,'home',NULL,NULL),(22,94,15,'away',NULL,NULL),(23,112,16,'home',NULL,NULL),(24,94,16,'away',NULL,NULL),(25,94,17,'home',NULL,NULL),(26,112,17,'away',NULL,NULL),(27,94,18,'home',NULL,NULL),(28,112,18,'away',NULL,NULL),(29,112,19,'home',NULL,NULL),(30,94,19,'away',NULL,NULL),(31,112,20,'home',NULL,NULL),(32,94,20,'away',NULL,NULL),(33,94,21,'home',NULL,NULL),(34,84,21,'away',NULL,NULL),(35,94,22,'home',NULL,NULL),(36,84,22,'away',NULL,NULL),(39,94,24,'home',NULL,NULL),(40,84,24,'away',NULL,NULL),(41,94,25,'home',NULL,NULL),(42,84,25,'away',NULL,NULL),(43,84,26,'home',NULL,NULL),(44,94,26,'away',NULL,NULL),(45,84,27,'home',NULL,NULL),(46,94,27,'away',NULL,NULL),(47,94,28,'home',NULL,NULL),(48,84,28,'away',NULL,NULL),(49,94,29,'home',NULL,NULL),(50,84,29,'away',NULL,NULL),(51,84,30,'home',NULL,NULL),(52,94,30,'away',NULL,NULL),(53,84,31,'home',NULL,NULL),(54,94,31,'away',NULL,NULL),(55,94,32,'home',NULL,NULL),(56,84,32,'away',NULL,NULL),(57,94,33,'home',NULL,NULL),(58,84,33,'away',NULL,NULL),(59,84,34,'home',NULL,NULL),(60,94,34,'away',NULL,NULL),(61,84,35,'home',NULL,NULL),(62,94,35,'away',NULL,NULL),(63,84,36,'home',NULL,NULL),(64,94,36,'away',NULL,NULL),(65,94,37,'home',NULL,NULL),(66,84,37,'away',NULL,NULL),(67,94,38,'home',NULL,NULL),(68,84,38,'away',NULL,NULL),(69,84,39,'home',NULL,NULL),(70,94,39,'away',NULL,NULL),(71,94,40,'home',NULL,NULL),(72,84,40,'away',NULL,NULL),(73,84,41,'home',NULL,NULL),(74,94,41,'away',NULL,NULL),(75,94,42,'home',NULL,NULL),(76,84,42,'away',NULL,NULL),(77,84,43,'home',NULL,NULL),(78,94,43,'away',NULL,NULL),(79,94,44,'home',NULL,NULL),(80,84,44,'away',NULL,NULL),(81,84,45,'home',NULL,NULL),(82,94,45,'away',NULL,NULL),(83,84,46,'home',NULL,NULL),(84,94,46,'away',NULL,NULL),(85,94,47,'home',NULL,NULL),(86,84,47,'away',NULL,NULL),(87,84,48,'home',NULL,NULL),(88,94,48,'away',NULL,NULL),(89,94,49,'home',NULL,NULL),(90,84,49,'away',NULL,NULL),(91,84,50,'home',NULL,NULL),(92,94,50,'away',NULL,NULL),(93,84,51,'home',NULL,NULL),(94,94,51,'away',NULL,NULL),(95,94,52,'home',NULL,NULL),(96,84,52,'away',NULL,NULL),(97,94,53,'home',NULL,NULL),(98,84,53,'away',NULL,NULL),(99,94,54,'home',NULL,NULL),(100,93,54,'away',NULL,NULL),(101,93,55,'home',NULL,NULL),(102,94,55,'away',NULL,NULL),(103,94,56,'home',NULL,NULL),(104,93,56,'away',NULL,NULL),(105,93,57,'home',NULL,NULL),(106,94,57,'away',NULL,NULL),(107,94,58,'home',NULL,NULL),(108,93,58,'away',NULL,NULL),(109,93,59,'home',NULL,NULL),(110,94,59,'away',NULL,NULL),(111,94,60,'home',NULL,NULL),(112,93,60,'away',NULL,NULL),(113,94,61,'home',NULL,NULL),(114,93,61,'away',NULL,NULL),(115,93,62,'home',NULL,NULL),(116,94,62,'away',NULL,NULL),(117,93,63,'home',NULL,NULL),(118,94,63,'away',NULL,NULL),(119,94,64,'home',NULL,NULL),(120,93,64,'away',NULL,NULL),(121,94,65,'home',NULL,NULL),(122,93,65,'away',NULL,NULL),(123,93,66,'home',NULL,NULL),(124,94,66,'away',NULL,NULL),(125,94,67,'home',NULL,NULL),(126,93,67,'away',NULL,NULL),(127,93,68,'home',NULL,NULL),(128,94,68,'away',NULL,NULL),(129,94,69,'home',NULL,NULL),(130,93,69,'away',NULL,NULL),(131,94,70,'home',NULL,NULL),(132,93,70,'away',NULL,NULL),(133,84,71,'home','2022-04-02 17:14:40','2022-04-02 17:14:40'),(134,94,71,'away','2022-04-02 17:15:33','2022-04-02 17:15:33');
/*!40000 ALTER TABLE `club_h2h` ENABLE KEYS */;
UNLOCK TABLES;
DROP TABLE IF EXISTS `clubs`;
/*!40101 SET @saved_cs_client     = @@character_set_client */;
/*!50503 SET character_set_client = utf8mb4 */;
CREATE TABLE `clubs` (
  `id` bigint unsigned NOT NULL AUTO_INCREMENT,
  `name` varchar(255) CHARACTER SET utf8mb4 COLLATE utf8mb4_unicode_ci NOT NULL,
  `name2` varchar(20) CHARACTER SET utf8mb4 COLLATE utf8mb4_unicode_ci DEFAULT NULL,
  `founded` smallint DEFAULT NULL,
  `logo` varchar(255) CHARACTER SET utf8mb4 COLLATE utf8mb4_unicode_ci NOT NULL,
  `venue` varchar(255) CHARACTER SET utf8mb4 COLLATE utf8mb4_unicode_ci NOT NULL,
  `venue_logo` varchar(255) CHARACTER SET utf8mb4 COLLATE utf8mb4_unicode_ci NOT NULL,
  `created_at` timestamp NULL DEFAULT NULL,
  `updated_at` timestamp NULL DEFAULT NULL,
  PRIMARY KEY (`id`)
) ENGINE=InnoDB AUTO_INCREMENT=1064 DEFAULT CHARSET=utf8mb4 COLLATE=utf8mb4_unicode_ci;
/*!40101 SET character_set_client = @saved_cs_client */;

LOCK TABLES `clubs` WRITE;
/*!40000 ALTER TABLE `clubs` DISABLE KEYS */;
INSERT INTO `clubs` VALUES (77,'Angers',NULL,1919,'https://media.api-sports.io/football/teams/77.png','Stade Raymond-Kopa','https://media.api-sports.io/football/venues/634.png','2022-03-25 14:16:21','2022-03-25 14:16:21'),(78,'Bordeaux',NULL,1881,'https://media.api-sports.io/football/teams/78.png','Stade Matmut-Atlantique','https://media.api-sports.io/football/venues/638.png','2022-03-25 14:16:21','2022-03-25 14:16:21'),(79,'Lille',NULL,1944,'https://media.api-sports.io/football/teams/79.png','Stade Pierre-Mauroy','https://media.api-sports.io/football/venues/655.png','2022-03-25 14:16:21','2022-03-25 14:16:21'),(80,'Lyon',NULL,1950,'https://media.api-sports.io/football/teams/80.png','Groupama Stadium','https://media.api-sports.io/football/venues/666.png','2022-03-25 14:16:21','2022-03-25 14:16:21'),(81,'Marseille',NULL,1899,'https://media.api-sports.io/football/teams/81.png','Stade Orange Vélodrome','https://media.api-sports.io/football/venues/12678.png','2022-03-25 14:16:21','2022-03-25 14:16:21'),(82,'Montpellier',NULL,1974,'https://media.api-sports.io/football/teams/82.png','Stade de la Mosson','https://media.api-sports.io/football/venues/660.png','2022-03-25 14:16:21','2022-03-25 14:16:21'),(83,'Nantes',NULL,1943,'https://media.api-sports.io/football/teams/83.png','Stade de la Beaujoire - Louis Fonteneau','https://media.api-sports.io/football/venues/662.png','2022-03-25 14:16:21','2022-03-25 14:16:21'),(84,'Nice',NULL,1904,'https://media.api-sports.io/football/teams/84.png','Allianz Riviera','https://media.api-sports.io/football/venues/663.png','2022-03-25 14:16:21','2022-03-25 14:16:21'),(85,'Paris Saint Germain','Paris Saint-Germain',1970,'https://media.api-sports.io/football/teams/85.png','Parc des Princes','https://media.api-sports.io/football/venues/671.png','2022-03-25 14:16:21','2022-03-25 14:16:21'),(91,'Monaco',NULL,1919,'https://media.api-sports.io/football/teams/91.png','Stade Louis II','https://media.api-sports.io/football/venues/659.png','2022-03-25 14:16:21','2022-03-25 14:16:21'),(93,'Reims',NULL,1909,'https://media.api-sports.io/football/teams/93.png','Stade Auguste-Delaune II','https://media.api-sports.io/football/venues/674.png','2022-03-25 14:16:21','2022-03-25 14:16:21'),(94,'Rennes',NULL,1901,'https://media.api-sports.io/football/teams/94.png','Roazhon Park','https://media.api-sports.io/football/venues/680.png','2022-03-25 14:16:21','2022-03-25 14:16:21'),(95,'Strasbourg',NULL,1906,'https://media.api-sports.io/football/teams/95.png','Stade de la Meinau','https://media.api-sports.io/football/venues/681.png','2022-03-25 14:16:21','2022-03-25 14:16:21'),(97,'Lorient',NULL,1926,'https://media.api-sports.io/football/teams/97.png','Stade Yves Allainmat - Le Moustoir','https://media.api-sports.io/football/venues/656.png','2022-03-25 14:16:21','2022-03-25 14:16:21'),(99,'Clermont Foot','Clermont',1990,'https://media.api-sports.io/football/teams/99.png','Stade Gabriel Montpied','https://media.api-sports.io/football/venues/644.png','2022-03-25 14:16:21','2022-03-25 14:16:21'),(106,'Stade Brestois 29','Brest',1950,'https://media.api-sports.io/football/teams/106.png','Stade Francis-Le Blé','https://media.api-sports.io/football/venues/641.png','2022-03-25 14:16:21','2022-03-25 14:16:21'),(110,'Estac Troyes','Troyes',1986,'https://media.api-sports.io/football/teams/110.png','Stade de l\'Aube','https://media.api-sports.io/football/venues/684.png','2022-03-25 14:16:21','2022-03-25 14:16:21'),(112,'Metz',NULL,1932,'https://media.api-sports.io/football/teams/112.png','Stade Saint-Symphorien','https://media.api-sports.io/football/venues/658.png','2022-03-25 14:16:21','2022-03-25 14:16:21'),(116,'Lens',NULL,1906,'https://media.api-sports.io/football/teams/116.png','Stade Bollaert-Delelis','https://media.api-sports.io/football/venues/654.png','2022-03-25 14:16:21','2022-03-25 14:16:21'),(1063,'Saint Etienne','St Etienne',1920,'https://media.api-sports.io/football/teams/1063.png','Stade Geoffroy-Guichard','https://media.api-sports.io/football/venues/676.png','2022-03-25 14:16:21','2022-03-25 14:16:21');
/*!40000 ALTER TABLE `clubs` ENABLE KEYS */;
UNLOCK TABLES;
DROP TABLE IF EXISTS `competitions`;
/*!40101 SET @saved_cs_client     = @@character_set_client */;
/*!50503 SET character_set_client = utf8mb4 */;
CREATE TABLE `competitions` (
  `id` bigint unsigned NOT NULL AUTO_INCREMENT,
  `name` varchar(255) CHARACTER SET utf8mb4 COLLATE utf8mb4_unicode_ci NOT NULL,
  `code` varchar(255) CHARACTER SET utf8mb4 COLLATE utf8mb4_unicode_ci NOT NULL,
  `created_at` timestamp NULL DEFAULT NULL,
  `updated_at` timestamp NULL DEFAULT NULL,
  PRIMARY KEY (`id`)
) ENGINE=InnoDB AUTO_INCREMENT=3 DEFAULT CHARSET=utf8mb4 COLLATE=utf8mb4_unicode_ci;
/*!40101 SET character_set_client = @saved_cs_client */;

LOCK TABLES `competitions` WRITE;
/*!40000 ALTER TABLE `competitions` DISABLE KEYS */;
INSERT INTO `competitions` VALUES (1,'Ligue 1','L1','2022-03-24 17:14:25','2022-03-24 17:14:25'),(2,'Coupe de France','CdF','2022-03-24 17:15:17','2022-03-24 17:15:17');
/*!40000 ALTER TABLE `competitions` ENABLE KEYS */;
UNLOCK TABLES;
DROP TABLE IF EXISTS `failed_jobs`;
/*!40101 SET @saved_cs_client     = @@character_set_client */;
/*!50503 SET character_set_client = utf8mb4 */;
CREATE TABLE `failed_jobs` (
  `id` bigint unsigned NOT NULL AUTO_INCREMENT,
  `uuid` varchar(255) CHARACTER SET utf8mb4 COLLATE utf8mb4_unicode_ci NOT NULL,
  `connection` text CHARACTER SET utf8mb4 COLLATE utf8mb4_unicode_ci NOT NULL,
  `queue` text CHARACTER SET utf8mb4 COLLATE utf8mb4_unicode_ci NOT NULL,
  `payload` longtext CHARACTER SET utf8mb4 COLLATE utf8mb4_unicode_ci NOT NULL,
  `exception` longtext CHARACTER SET utf8mb4 COLLATE utf8mb4_unicode_ci NOT NULL,
  `failed_at` timestamp NOT NULL DEFAULT CURRENT_TIMESTAMP,
  PRIMARY KEY (`id`),
  UNIQUE KEY `failed_jobs_uuid_unique` (`uuid`)
) ENGINE=InnoDB DEFAULT CHARSET=utf8mb4 COLLATE=utf8mb4_unicode_ci;
/*!40101 SET character_set_client = @saved_cs_client */;

LOCK TABLES `failed_jobs` WRITE;
/*!40000 ALTER TABLE `failed_jobs` DISABLE KEYS */;
/*!40000 ALTER TABLE `failed_jobs` ENABLE KEYS */;
UNLOCK TABLES;
DROP TABLE IF EXISTS `fixtures`;
/*!40101 SET @saved_cs_client     = @@character_set_client */;
/*!50503 SET character_set_client = utf8mb4 */;
CREATE TABLE `fixtures` (
  `id` bigint unsigned NOT NULL AUTO_INCREMENT,
  `calendar_id` bigint unsigned NOT NULL,
  `user_id` bigint unsigned NOT NULL,
  `template` mediumtext CHARACTER SET utf8mb4 COLLATE utf8mb4_unicode_ci NOT NULL,
  `created_at` timestamp NULL DEFAULT NULL,
  `updated_at` timestamp NULL DEFAULT NULL,
  PRIMARY KEY (`id`),
  KEY `fixtures_calendar_id_foreign` (`calendar_id`),
  CONSTRAINT `fixtures_calendar_id_foreign` FOREIGN KEY (`calendar_id`) REFERENCES `calendars` (`id`) ON DELETE CASCADE
) ENGINE=InnoDB AUTO_INCREMENT=38 DEFAULT CHARSET=utf8mb4 COLLATE=utf8mb4_unicode_ci;
/*!40101 SET character_set_client = @saved_cs_client */;

LOCK TABLES `fixtures` WRITE;
/*!40000 ALTER TABLE `fixtures` DISABLE KEYS */;
INSERT INTO `fixtures` VALUES (1,29,1,'[center][b]Ligue 1 - 29e journée[/b][/center]\n\n[center][b]dimanche 20 mars 2022 à 15:00 - Roazhon Park[/b][/center] \n\n[center][img]https://media.api-sports.io/football/teams/94.png[/img] | [img]https://media.api-sports.io/football/teams/112.png[/img][/center]\n\n[center][b]4e[/b] | [b]19e[/b][/center] \n[center][b]49 pts[/b] | [b]23 pts[/b][/center] \n[center][b]+30[/b] | [b]-21[/b][/center]\n\n[center]%presentation[/center]\n\n[center][b]Chiffres à domicile[/b] | [b]Chiffres à l\'extérieur[/b][/center]\n\n[center]2e | 13e[/center]\n[center]10V- 1N - 3D | 3V- 5N - 6D[/center]\n[center]31 pts | 14 pts[/center]\n[center]+24 | -11[/center]\n[center][b]Série en cours (Dom | Ext)[/b][/center]\n[center]WWWWD | LDDWD[/center]\n[center][b]Meilleurs buteurs (Dom | Ext)[/b][/center] \n[center] \n            [img]https://media.api-sports.io/football/players/21592.png[/img] | [img]https://media.api-sports.io/football/players/1275.png[/img] [img]https://media.api-sports.io/football/players/20654.png[/img] [img]https://media.api-sports.io/football/players/20537.png[/img]\n            Gaetan LABORDE (8) | Nicolas DE PREVILLE, Fabien CENTONZE, Ibrahima NIANE (2)[/center]\n\n\n\n[b]Groupes :[/b] \n\n[u](Nom de l\'équipe domicile)[/u]\n[i]Suspendu(s) : %home_team_suspension[/i] \n[i]Blessé(s) : [/i] \n[i]Groupe : %home_team_group[/i] \n\n[u](Nom de l\'équipe extérieure)[/u] \n[i]Suspendu(s) : %away_team_suspension[/i] \n[i]Blessé(s) : [/i] \n[i]Groupe : %away_team_group[/i] \n\n---\n\n[b]Les arbitres de la rencontre :[/b] \n[i]Arbitre principal : W. Delajod[/i] \n[i]Arbitres assistants : %referee_assistants [/i] \n[i]4e arbitre : %referee_fourth[/i] \n\n---\n\n[b]Les dernières confrontations :[/b] (https://www.matchendirect.fr/france/ligue-1/ cliquer sur stat des équipes)\nDate : score\nDate : score\nDate : score\nDate : score\nCouleur : (gris, nul) (rouge, défaite) (vert, victoire)\n\n[b]Bilan des confrontations :[/b]\n[img](lien mini logo équipe domicile)[/img] (nombre de victoires équipe domicile) - (nombre matchs nuls) - (nombre de victoires équipe extérieure) [img](lien mini logo équipe extérieur)[/img] (mini logo : https://www.transfermarkt.fr/ligue-1/startseite/wettbewerb/FR1 clic droit copier lien de l\'image)\n\n---\n\n[b]Diffusion télé :[/b] (Logo à trouver ici : https://www.ligue1.fr/ feuille de match)\n\n---\n\nClassement Ligue 1','2022-03-18 17:56:14','2022-03-18 17:56:14'),(2,29,1,'[center][b]Ligue 1 - 29e journée[/b][/center]\n\n[center][b]dimanche 20 mars 2022 à 15:00 - Roazhon Park[/b][/center] \n\n[center][img]https://media.api-sports.io/football/teams/94.png[/img] | [img]https://media.api-sports.io/football/teams/112.png[/img][/center]\n\n[center][b]4e[/b] | [b]19e[/b][/center] \n[center][b]49 pts[/b] | [b]23 pts[/b][/center] \n[center][b]+30[/b] | [b]-21[/b][/center]\n\n[center]%presentation[/center]\n\n[center][b]Chiffres à domicile[/b] | [b]Chiffres à l\'extérieur[/b][/center]\n\n[center]2e | 13e[/center]\n[center]10V- 1N - 3D | 3V- 5N - 6D[/center]\n[center]31 pts | 14 pts[/center]\n[center]+24 | -11[/center]\n[center][b]Série en cours (Dom | Ext)[/b][/center]\n[center]WWWWD | LDDWD[/center]\n[center][b]Meilleurs buteurs (Dom | Ext)[/b][/center] \n[center] \n            [img]https://media.api-sports.io/football/players/21592.png[/img] | [img]https://media.api-sports.io/football/players/1275.png[/img] [img]https://media.api-sports.io/football/players/20654.png[/img] [img]https://media.api-sports.io/football/players/20537.png[/img]\n            Gaetan LABORDE (8) | Nicolas DE PREVILLE, Fabien CENTONZE, Ibrahima NIANE (2)[/center]\n\n\n\n[b]Groupes :[/b] \n\n[u](Nom de l\'équipe domicile)[/u]\n[i]Suspendu(s) : %home_team_suspension[/i] \n[i]Blessé(s) : yo[/i] \n[i]Groupe : %home_team_group[/i] \n\n[u](Nom de l\'équipe extérieure)[/u] \n[i]Suspendu(s) : %away_team_suspension[/i] \n[i]Blessé(s) : yo[/i] \n[i]Groupe : %away_team_group[/i] \n\n---\n\n[b]Les arbitres de la rencontre :[/b] \n[i]Arbitre principal : W. Delajod[/i] \n[i]Arbitres assistants : %referee_assistants [/i] \n[i]4e arbitre : %referee_fourth[/i] \n\n---\n\n[b]Les dernières confrontations :[/b] (https://www.matchendirect.fr/france/ligue-1/ cliquer sur stat des équipes)\nDate : score\nDate : score\nDate : score\nDate : score\nCouleur : (gris, nul) (rouge, défaite) (vert, victoire)\n\n[b]Bilan des confrontations :[/b]\n[img](lien mini logo équipe domicile)[/img] (nombre de victoires équipe domicile) - (nombre matchs nuls) - (nombre de victoires équipe extérieure) [img](lien mini logo équipe extérieur)[/img] (mini logo : https://www.transfermarkt.fr/ligue-1/startseite/wettbewerb/FR1 clic droit copier lien de l\'image)\n\n---\n\n[b]Diffusion télé :[/b] (Logo à trouver ici : https://www.ligue1.fr/ feuille de match)\n\n---\n\nClassement Ligue 1','2022-03-18 18:10:25','2022-03-18 18:10:25'),(3,29,1,'[center][b]Ligue 1 - 29e journée[/b][/center]\n\n[center][b]dimanche 20 mars 2022 à 15:00 - Roazhon Park[/b][/center] \n\n[center][img]https://media.api-sports.io/football/teams/94.png[/img] | [img]https://media.api-sports.io/football/teams/112.png[/img][/center]\n\n[center][b]4e[/b] | [b]19e[/b][/center] \n[center][b]49 pts[/b] | [b]23 pts[/b][/center] \n[center][b]+30[/b] | [b]-21[/b][/center]\n\n[center]%presentation[/center]\n\n[center][b]Chiffres à domicile[/b] | [b]Chiffres à l\'extérieur[/b][/center]\n\n[center]2e | 13e[/center]\n[center]10V- 1N - 3D | 3V- 5N - 6D[/center]\n[center]31 pts | 14 pts[/center]\n[center]+24 | -11[/center]\n[center][b]Série en cours (Dom | Ext)[/b][/center]\n[center]WWWWD | LDDWD[/center]\n[center][b]Meilleurs buteurs (Dom | Ext)[/b][/center] \n[center] \n            [img]https://media.api-sports.io/football/players/21592.png[/img] | [img]https://media.api-sports.io/football/players/1275.png[/img] [img]https://media.api-sports.io/football/players/20654.png[/img] [img]https://media.api-sports.io/football/players/20537.png[/img]\n            Gaetan LABORDE (8) | Nicolas DE PREVILLE, Fabien CENTONZE, Ibrahima NIANE (2)[/center]\n\n\n\n[b]Groupes :[/b] \n\n[u](Nom de l\'équipe domicile)[/u]\n[i]Suspendu(s) : %home_team_suspension[/i] \n[i]Blessé(s) : L. Bade, J. Doku, J. Gelin, A. Gomis, R. Salin, K. Sulemana[/i] \n[i]Groupe : %home_team_group[/i] \n\n[u](Nom de l\'équipe extérieure)[/u] \n[i]Suspendu(s) : %away_team_suspension[/i] \n[i]Blessé(s) : M. Cabit, F. Centonze, H. Maiga, V. Pajot, M. Udol[/i] \n[i]Groupe : %away_team_group[/i] \n\n---\n\n[b]Les arbitres de la rencontre :[/b] \n[i]Arbitre principal : W. Delajod[/i] \n[i]Arbitres assistants : %referee_assistants [/i] \n[i]4e arbitre : %referee_fourth[/i] \n\n---\n\n[b]Les dernières confrontations :[/b] (https://www.matchendirect.fr/france/ligue-1/ cliquer sur stat des équipes)\nDate : score\nDate : score\nDate : score\nDate : score\nCouleur : (gris, nul) (rouge, défaite) (vert, victoire)\n\n[b]Bilan des confrontations :[/b]\n[img](lien mini logo équipe domicile)[/img] (nombre de victoires équipe domicile) - (nombre matchs nuls) - (nombre de victoires équipe extérieure) [img](lien mini logo équipe extérieur)[/img] (mini logo : https://www.transfermarkt.fr/ligue-1/startseite/wettbewerb/FR1 clic droit copier lien de l\'image)\n\n---\n\n[b]Diffusion télé :[/b] (Logo à trouver ici : https://www.ligue1.fr/ feuille de match)\n\n---\n\nClassement Ligue 1','2022-03-18 18:12:21','2022-03-18 18:12:21'),(4,30,1,'[center][b]Ligue 1 - 30e journée[/b][/center]\n\n[center][b]samedi 2 avril 2022 à 17:00 - Allianz Riviera[/b][/center] \n\n[center][img]https://media.api-sports.io/football/teams/84.png[/img] | [img]https://media.api-sports.io/football/teams/94.png[/img][/center]\n\n[center][b]4e[/b] | [b]3e[/b][/center] \n[center][b]50 pts[/b] | [b]52 pts[/b][/center] \n[center][b]+16[/b] | [b]+35[/b][/center]\n\n[center]%presentation[/center]\n\n[center][b]Chiffres à domicile[/b] | [b]Chiffres à l\'extérieur[/b][/center]\n\n[center]9e | 6e[/center]\n[center]7V- 3N - 4D | 5V- 3N - 6D[/center]\n[center]24 pts | 18 pts[/center]\n[center]+4 | +6[/center]\n[center][b]Série en cours (Dom | Ext)[/b][/center]\n[center]WWLWW | WWLLL[/center]\n[center][b]Meilleurs buteurs (Dom | Ext)[/b][/center] \n[center] \n            [img]https://media.api-sports.io/football/players/21591.png[/img] | [img]https://media.api-sports.io/football/players/663.png[/img]\n            Andy DELORT (4) | Martin TERRIER (8)[/center]\n\n\n\n[b]Groupes :[/b] \n\n[u](Nom de l\'équipe domicile)[/u]\n[i]Suspendu(s) : %home_team_suspension[/i] \n[i]Blessé(s) : [/i] \n[i]Groupe : %home_team_group[/i] \n\n[u](Nom de l\'équipe extérieure)[/u] \n[i]Suspendu(s) : %away_team_suspension[/i] \n[i]Blessé(s) : [/i] \n[i]Groupe : %away_team_group[/i] \n\n---\n\n[b]Les arbitres de la rencontre :[/b] \n[i]Arbitre principal : [/i] \n[i]Arbitres assistants : %referee_assistants [/i] \n[i]4e arbitre : %referee_fourth[/i] \n\n---\n\n[b]Les dernières confrontations :[/b] (https://www.matchendirect.fr/france/ligue-1/ cliquer sur stat des équipes)\nDate : score\nDate : score\nDate : score\nDate : score\nCouleur : (gris, nul) (rouge, défaite) (vert, victoire)\n\n[b]Bilan des confrontations :[/b]\n[img](lien mini logo équipe domicile)[/img] (nombre de victoires équipe domicile) - (nombre matchs nuls) - (nombre de victoires équipe extérieure) [img](lien mini logo équipe extérieur)[/img] (mini logo : https://www.transfermarkt.fr/ligue-1/startseite/wettbewerb/FR1 clic droit copier lien de l\'image)\n\n---\n\n[b]Diffusion télé :[/b] (Logo à trouver ici : https://www.ligue1.fr/ feuille de match)\n\n---\n\nClassement Ligue 1','2022-03-22 22:33:05','2022-03-22 22:33:05'),(5,30,1,'[center][b]Ligue 1 - 30e journée[/b][/center]\n\n[center][b]samedi 2 avril 2022 à 17:00 - Allianz Riviera[/b][/center] \n\n[center][img]https://media.api-sports.io/football/teams/84.png[/img] | [img]https://media.api-sports.io/football/teams/94.png[/img][/center]\n\n[center][b]4e[/b] | [b]3e[/b][/center] \n[center][b]50 pts[/b] | [b]52 pts[/b][/center] \n[center][b]+16[/b] | [b]+35[/b][/center]\n\n[center]%presentation[/center]\n\n[center][b]Chiffres à domicile[/b] | [b]Chiffres à l\'extérieur[/b][/center]\n\n[center]9e | 6e[/center]\n[center]7V- 3N - 4D | 5V- 3N - 6D[/center]\n[center]24 pts | 18 pts[/center]\n[center]+4 | +6[/center]\n[center][b]Série en cours (Dom | Ext)[/b][/center]\n[center]WWLWW | WWLLL[/center]\n[center][b]Meilleurs buteurs (Dom | Ext)[/b][/center] \n[center] \n            [img]https://media.api-sports.io/football/players/21591.png[/img] | [img]https://media.api-sports.io/football/players/663.png[/img]\n            Andy DELORT (4) | Martin TERRIER (8)[/center]\n\n\n\n[b]Groupes :[/b] \n\n[u](Nom de l\'équipe domicile)[/u]\n[i]Suspendu(s) : %home_team_suspension[/i] \n[i]Blessé(s) : [/i] \n[i]Groupe : %home_team_group[/i] \n\n[u](Nom de l\'équipe extérieure)[/u] \n[i]Suspendu(s) : %away_team_suspension[/i] \n[i]Blessé(s) : [/i] \n[i]Groupe : %away_team_group[/i] \n\n---\n\n[b]Les arbitres de la rencontre :[/b] \n[i]Arbitre principal : [/i] \n[i]Arbitres assistants : %referee_assistants [/i] \n[i]4e arbitre : %referee_fourth[/i] \n\n---\n\n[b]Les dernières confrontations :[/b] (https://www.matchendirect.fr/france/ligue-1/ cliquer sur stat des équipes)\nDate : score\nDate : score\nDate : score\nDate : score\nCouleur : (gris, nul) (rouge, défaite) (vert, victoire)\n\n[b]Bilan des confrontations :[/b]\n[img](lien mini logo équipe domicile)[/img] (nombre de victoires équipe domicile) - (nombre matchs nuls) - (nombre de victoires équipe extérieure) [img](lien mini logo équipe extérieur)[/img] (mini logo : https://www.transfermarkt.fr/ligue-1/startseite/wettbewerb/FR1 clic droit copier lien de l\'image)\n\n---\n\n[b]Diffusion télé :[/b] (Logo à trouver ici : https://www.ligue1.fr/ feuille de match)\n\n---\n\nClassement Ligue 1','2022-03-23 08:07:01','2022-03-23 08:07:01'),(6,30,1,'HTTP/1.0 302 Found\r\nCache-Control: no-cache, private\r\nDate:          Wed, 23 Mar 2022 10:43:46 GMT\r\nLocation:      http://localhost/create\r\n\r\n<!DOCTYPE html>\n<html>\n    <head>\n        <meta charset=\"UTF-8\" />\n        <meta http-equiv=\"refresh\" content=\"0;url=\'http://localhost/create\'\" />\n\n        <title>Redirecting to http://localhost/create</title>\n    </head>\n    <body>\n        Redirecting to <a href=\"http://localhost/create\">http://localhost/create</a>.\n    </body>\n</html>','2022-03-23 10:43:46','2022-03-23 10:43:46'),(7,30,1,'HTTP/1.0 302 Found\r\nCache-Control: no-cache, private\r\nDate:          Wed, 23 Mar 2022 10:45:15 GMT\r\nLocation:      http://localhost/create\r\n\r\n<!DOCTYPE html>\n<html>\n    <head>\n        <meta charset=\"UTF-8\" />\n        <meta http-equiv=\"refresh\" content=\"0;url=\'http://localhost/create\'\" />\n\n        <title>Redirecting to http://localhost/create</title>\n    </head>\n    <body>\n        Redirecting to <a href=\"http://localhost/create\">http://localhost/create</a>.\n    </body>\n</html>','2022-03-23 10:45:15','2022-03-23 10:45:15'),(8,30,1,'[center][b]Ligue 1 - 30e journée[/b][/center]\n\n[center][b]samedi 2 avril 2022 à 17:00 - Allianz Riviera[/b][/center] \n\n[center][img]https://media.api-sports.io/football/teams/84.png[/img] | [img]https://media.api-sports.io/football/teams/94.png[/img][/center]\n\n[center][b]4e[/b] | [b]3e[/b][/center] \n[center][b]50 pts[/b] | [b]52 pts[/b][/center] \n[center][b]+16[/b] | [b]+35[/b][/center]\n\n[center]%presentation[/center]\n\n[center][b]Chiffres à domicile[/b] | [b]Chiffres à l\'extérieur[/b][/center]\n\n[center]9e | 6e[/center]\n[center]7V- 3N - 4D | 5V- 3N - 6D[/center]\n[center]24 pts | 18 pts[/center]\n[center]+4 | +6[/center]\n[center][b]Série en cours (Dom | Ext)[/b][/center]\n[center]WWLWW | WWLLL[/center]\n[center][b]Meilleurs buteurs (Dom | Ext)[/b][/center] \n[center] \n            [img]https://media.api-sports.io/football/players/21591.png[/img] | [img]https://media.api-sports.io/football/players/663.png[/img]\n            Andy DELORT (4) | Martin TERRIER (8)[/center]\n\n\n\n[b]Groupes :[/b] \n\n[u](Nom de l\'équipe domicile)[/u]\n[i]Suspendu(s) : %home_team_suspension[/i] \n[i]Blessé(s) : yo[/i] \n[i]Groupe : %home_team_group[/i] \n\n[u](Nom de l\'équipe extérieure)[/u] \n[i]Suspendu(s) : %away_team_suspension[/i] \n[i]Blessé(s) : yo[/i] \n[i]Groupe : %away_team_group[/i] \n\n---\n\n[b]Les arbitres de la rencontre :[/b] \n[i]Arbitre principal : [/i] \n[i]Arbitres assistants : %referee_assistants [/i] \n[i]4e arbitre : %referee_fourth[/i] \n\n---\n\n[b]Les dernières confrontations :[/b] (https://www.matchendirect.fr/france/ligue-1/ cliquer sur stat des équipes)\nDate : score\nDate : score\nDate : score\nDate : score\nCouleur : (gris, nul) (rouge, défaite) (vert, victoire)\n\n[b]Bilan des confrontations :[/b]\n[img](lien mini logo équipe domicile)[/img] (nombre de victoires équipe domicile) - (nombre matchs nuls) - (nombre de victoires équipe extérieure) [img](lien mini logo équipe extérieur)[/img] (mini logo : https://www.transfermarkt.fr/ligue-1/startseite/wettbewerb/FR1 clic droit copier lien de l\'image)\n\n---\n\n[b]Diffusion télé :[/b] (Logo à trouver ici : https://www.ligue1.fr/ feuille de match)\n\n---\n\nClassement Ligue 1','2022-03-23 11:05:29','2022-03-23 11:05:29'),(9,30,1,'[center][b]Ligue 1 - 30e journée[/b][/center]\n\n[center][b]samedi 2 avril 2022 à 17:00 - Allianz Riviera[/b][/center] \n\n[center][img]https://media.api-sports.io/football/teams/84.png[/img] | [img]https://media.api-sports.io/football/teams/94.png[/img][/center]\n\n[center][b]4e[/b] | [b]3e[/b][/center] \n[center][b]50 pts[/b] | [b]52 pts[/b][/center] \n[center][b]+16[/b] | [b]+35[/b][/center]\n\n[center]%presentation[/center]\n\n[center][b]Chiffres à domicile[/b] | [b]Chiffres à l\'extérieur[/b][/center]\n\n[center]9e | 6e[/center]\n[center]7V- 3N - 4D | 5V- 3N - 6D[/center]\n[center]24 pts | 18 pts[/center]\n[center]+4 | +6[/center]\n[center][b]Série en cours (Dom | Ext)[/b][/center]\n[center]WWLWW | WWLLL[/center]\n[center][b]Meilleurs buteurs (Dom | Ext)[/b][/center] \n[center] \n            [img]https://media.api-sports.io/football/players/21591.png[/img] [img]https://media.api-sports.io/football/players/85041.png[/img] | [img]https://media.api-sports.io/football/players/663.png[/img]\n            Andy DELORT, Amine GOUIRI (3) | Martin TERRIER (8)[/center]\n\n\n\n[b]Groupes :[/b] \n\n[u](Nom de l\'équipe domicile)[/u]\n[i]Suspendu(s) : %home_team_suspension[/i] \n[i]Blessé(s) : [/i] \n[i]Groupe : %home_team_group[/i] \n\n[u](Nom de l\'équipe extérieure)[/u] \n[i]Suspendu(s) : %away_team_suspension[/i] \n[i]Blessé(s) : [/i] \n[i]Groupe : %away_team_group[/i] \n\n---\n\n[b]Les arbitres de la rencontre :[/b] \n[i]Arbitre principal : [/i] \n[i]Arbitres assistants : %referee_assistants [/i] \n[i]4e arbitre : %referee_fourth[/i] \n\n---\n\n[b]Les dernières confrontations :[/b] (https://www.matchendirect.fr/france/ligue-1/ cliquer sur stat des équipes)\nDate : score\nDate : score\nDate : score\nDate : score\nCouleur : (gris, nul) (rouge, défaite) (vert, victoire)\n\n[b]Bilan des confrontations :[/b]\n[img](lien mini logo équipe domicile)[/img] (nombre de victoires équipe domicile) - (nombre matchs nuls) - (nombre de victoires équipe extérieure) [img](lien mini logo équipe extérieur)[/img] (mini logo : https://www.transfermarkt.fr/ligue-1/startseite/wettbewerb/FR1 clic droit copier lien de l\'image)\n\n---\n\n[b]Diffusion télé :[/b] (Logo à trouver ici : https://www.ligue1.fr/ feuille de match)\n\n---\n\nClassement Ligue 1','2022-03-23 14:37:49','2022-03-23 14:37:49'),(10,30,1,'0','2022-03-25 15:38:43','2022-03-25 15:38:43'),(11,30,1,'0','2022-03-28 15:56:03','2022-03-28 15:56:03'),(12,30,1,'[center][b]Ligue 1 - 30e journée[/b][/center]\n\n[center][b]samedi 2 avril 2022 à 17:00 - Allianz Riviera[/b][/center] \n\n[center][img]https://media.api-sports.io/football/teams/84.png[/img] | [img]https://media.api-sports.io/football/teams/94.png[/img][/center]\n\n[center][b]4e[/b] | [b]3e[/b][/center] \n[center][b]50 pts[/b] | [b]52 pts[/b][/center] \n[center][b]+16[/b] | [b]+35[/b][/center]\n\n[center]%presentation[/center]\n\n[center][b]Chiffres à domicile[/b] | [b]Chiffres à l\'extérieur[/b][/center]\n\n[center]9e | 6e[/center]\n[center]7V- 3N - 4D | 5V- 3N - 6D[/center]\n[center]24 pts | 18 pts[/center]\n[center]+4 | +6[/center]\n[center][b]Série en cours (Dom | Ext)[/b][/center]\n[center]WWLWW | WWLLL[/center]\n[center][b]Meilleurs buteurs (Dom | Ext)[/b][/center] \n[center][img]https://media.api-sports.io/football/players/21591.png[/img] [img]https://media.api-sports.io/football/players/85041.png[/img] | [img]https://media.api-sports.io/football/players/663.png[/img]\nAndy DELORT, Amine GOUIRI (3) | Martin TERRIER (8)[/center]\n\n\n\n[b]Groupes :[/b] \n\n[u](Nom de l\'équipe domicile)[/u]\n[i]Suspendu(s) : %home_team_suspension[/i] \n[i]Blessé(s) : [/i] \n[i]Groupe : %home_team_group[/i] \n\n[u](Nom de l\'équipe extérieure)[/u] \n[i]Suspendu(s) : %away_team_suspension[/i] \n[i]Blessé(s) : [/i] \n[i]Groupe : %away_team_group[/i] \n\n---\n\n[b]Les arbitres de la rencontre :[/b] \n[i]Arbitre principal : [/i] \n[i]Arbitres assistants : %referee_assistants [/i] \n[i]4e arbitre : %referee_fourth[/i] \n\n---\n\n[b]Les dernières confrontations :[/b]\n17-10-2021 : Rennes 0 - 3 Rennes - Ligue 1\n04-04-2021 : Rennes 2 - 2 Rennes - Ligue 1\n20-03-2021 : Rennes 1 - 3 Rennes - Ligue 1\n13-12-2020 : Rennes 0 - 1 Rennes - Ligue 1\n13-12-2020 : Rennes 0 - 1 Rennes - Ligue 1\n\n\n\n[b]Bilan des confrontations :[/b]\n[img](lien mini logo équipe domicile)[/img] (nombre de victoires équipe domicile) - (nombre matchs nuls) - (nombre de victoires équipe extérieure) [img](lien mini logo équipe extérieur)[/img] (mini logo : https://www.transfermarkt.fr/ligue-1/startseite/wettbewerb/FR1 clic droit copier lien de l\'image)\n\n---\n\n[b]Diffusion télé :[/b] (Logo à trouver ici : https://www.ligue1.fr/ feuille de match)\n\n---\n\nClassement Ligue 1','2022-03-28 15:57:17','2022-03-28 15:57:17'),(13,30,1,'[center][b]Ligue 1 - 30e journée[/b][/center]\n\n[center][b]samedi 2 avril 2022 à 17:00 - Allianz Riviera[/b][/center] \n\n[center][img]https://media.api-sports.io/football/teams/84.png[/img] | [img]https://media.api-sports.io/football/teams/94.png[/img][/center]\n\n[center][b]4e[/b] | [b]3e[/b][/center] \n[center][b]50 pts[/b] | [b]52 pts[/b][/center] \n[center][b]+16[/b] | [b]+35[/b][/center]\n\n[center]%presentation[/center]\n\n[center][b]Chiffres à domicile[/b] | [b]Chiffres à l\'extérieur[/b][/center]\n\n[center]9e | 6e[/center]\n[center]7V- 3N - 4D | 5V- 3N - 6D[/center]\n[center]24 pts | 18 pts[/center]\n[center]+4 | +6[/center]\n[center][b]Série en cours (Dom | Ext)[/b][/center]\n[center]WWLWW | WWLLL[/center]\n[center][b]Meilleurs buteurs (Dom | Ext)[/b][/center] \n[center][img]https://media.api-sports.io/football/players/21591.png[/img] [img]https://media.api-sports.io/football/players/85041.png[/img] | [img]https://media.api-sports.io/football/players/663.png[/img]\nAndy DELORT, Amine GOUIRI (3) | Martin TERRIER (8)[/center]\n\n\n\n[b]Groupes :[/b] \n\n[u](Nom de l\'équipe domicile)[/u]\n[i]Suspendu(s) : %home_team_suspension[/i] \n[i]Blessé(s) : [/i] \n[i]Groupe : %home_team_group[/i] \n\n[u](Nom de l\'équipe extérieure)[/u] \n[i]Suspendu(s) : %away_team_suspension[/i] \n[i]Blessé(s) : [/i] \n[i]Groupe : %away_team_group[/i] \n\n---\n\n[b]Les arbitres de la rencontre :[/b] \n[i]Arbitre principal : [/i] \n[i]Arbitres assistants : %referee_assistants [/i] \n[i]4e arbitre : %referee_fourth[/i] \n\n---\n\n[b]Les dernières confrontations :[/b]\n17-10-2021 : Rennes 2 0 - 3 Rennes - Ligue 1\n04-04-2021 : Rennes 2 2 - 2 Rennes - Ligue 1\n20-03-2021 : Rennes 2 1 - 3 Rennes - Ligue 1\n13-12-2020 : Rennes 2 0 - 1 Rennes - Ligue 1\n13-12-2020 : Rennes 2 0 - 1 Rennes - Ligue 1\n\n\n\n[b]Bilan des confrontations :[/b]\n[img](lien mini logo équipe domicile)[/img] (nombre de victoires équipe domicile) - (nombre matchs nuls) - (nombre de victoires équipe extérieure) [img](lien mini logo équipe extérieur)[/img] (mini logo : https://www.transfermarkt.fr/ligue-1/startseite/wettbewerb/FR1 clic droit copier lien de l\'image)\n\n---\n\n[b]Diffusion télé :[/b] (Logo à trouver ici : https://www.ligue1.fr/ feuille de match)\n\n---\n\nClassement Ligue 1','2022-03-28 16:05:36','2022-03-28 16:05:36'),(14,30,1,'[center][b]Ligue 1 - 30e journée[/b][/center]\n\n[center][b]samedi 2 avril 2022 à 17:00 - Allianz Riviera[/b][/center] \n\n[center][img]https://media.api-sports.io/football/teams/84.png[/img] | [img]https://media.api-sports.io/football/teams/94.png[/img][/center]\n\n[center][b]4e[/b] | [b]3e[/b][/center] \n[center][b]50 pts[/b] | [b]52 pts[/b][/center] \n[center][b]+16[/b] | [b]+35[/b][/center]\n\n[center]%presentation[/center]\n\n[center][b]Chiffres à domicile[/b] | [b]Chiffres à l\'extérieur[/b][/center]\n\n[center]9e | 6e[/center]\n[center]7V- 3N - 4D | 5V- 3N - 6D[/center]\n[center]24 pts | 18 pts[/center]\n[center]+4 | +6[/center]\n[center][b]Série en cours (Dom | Ext)[/b][/center]\n[center]WWLWW | WWLLL[/center]\n[center][b]Meilleurs buteurs (Dom | Ext)[/b][/center] \n[center][img]https://media.api-sports.io/football/players/21591.png[/img] [img]https://media.api-sports.io/football/players/85041.png[/img] | [img]https://media.api-sports.io/football/players/663.png[/img]\nAndy DELORT, Amine GOUIRI (3) | Martin TERRIER (8)[/center]\n\n\n\n[b]Groupes :[/b] \n\n[u](Nom de l\'équipe domicile)[/u]\n[i]Suspendu(s) : %home_team_suspension[/i] \n[i]Blessé(s) : [/i] \n[i]Groupe : %home_team_group[/i] \n\n[u](Nom de l\'équipe extérieure)[/u] \n[i]Suspendu(s) : %away_team_suspension[/i] \n[i]Blessé(s) : [/i] \n[i]Groupe : %away_team_group[/i] \n\n---\n\n[b]Les arbitres de la rencontre :[/b] \n[i]Arbitre principal : [/i] \n[i]Arbitres assistants : %referee_assistants [/i] \n[i]4e arbitre : %referee_fourth[/i] \n\n---\n\n[b]Les dernières confrontations :[/b]\n13-12-2020 : Nice 0 - 1 Rennes 1 - Ligue 1\n13-12-2020 : Nice 0 - 1 Rennes 1 - Ligue 1\n24-01-2020 : Nice 1 - 1 Rennes 1 - Ligue 1\n14-09-2018 : Nice 2 - 1 Rennes 1 - Ligue 1\n08-04-2018 : Nice 1 - 1 Rennes 1 - Ligue 1\n\n\n\n[b]Bilan des confrontations :[/b]\n[img](lien mini logo équipe domicile)[/img] (nombre de victoires équipe domicile) - (nombre matchs nuls) - (nombre de victoires équipe extérieure) [img](lien mini logo équipe extérieur)[/img] (mini logo : https://www.transfermarkt.fr/ligue-1/startseite/wettbewerb/FR1 clic droit copier lien de l\'image)\n\n---\n\n[b]Diffusion télé :[/b] (Logo à trouver ici : https://www.ligue1.fr/ feuille de match)\n\n---\n\nClassement Ligue 1','2022-03-28 16:11:14','2022-03-28 16:11:14'),(15,30,1,'[center][b]Ligue 1 - 30e journée[/b][/center]\n\n[center][b]samedi 2 avril 2022 à 17:00 - Allianz Riviera[/b][/center] \n\n[center][img]https://media.api-sports.io/football/teams/84.png[/img] | [img]https://media.api-sports.io/football/teams/94.png[/img][/center]\n\n[center][b]4e[/b] | [b]3e[/b][/center] \n[center][b]50 pts[/b] | [b]52 pts[/b][/center] \n[center][b]+16[/b] | [b]+35[/b][/center]\n\n[center]%presentation[/center]\n\n[center][b]Chiffres à domicile[/b] | [b]Chiffres à l\'extérieur[/b][/center]\n\n[center]9e | 6e[/center]\n[center]7V- 3N - 4D | 5V- 3N - 6D[/center]\n[center]24 pts | 18 pts[/center]\n[center]+4 | +6[/center]\n[center][b]Série en cours (Dom | Ext)[/b][/center]\n[center]WWLWW | WWLLL[/center]\n[center][b]Meilleurs buteurs (Dom | Ext)[/b][/center] \n[center][img]https://media.api-sports.io/football/players/21591.png[/img] [img]https://media.api-sports.io/football/players/85041.png[/img] | [img]https://media.api-sports.io/football/players/663.png[/img]\nAndy DELORT, Amine GOUIRI (3) | Martin TERRIER (8)[/center]\n\n\n\n[b]Groupes :[/b] \n\n[u](Nom de l\'équipe domicile)[/u]\n[i]Suspendu(s) : %home_team_suspension[/i] \n[i]Blessé(s) : [/i] \n[i]Groupe : %home_team_group[/i] \n\n[u](Nom de l\'équipe extérieure)[/u] \n[i]Suspendu(s) : %away_team_suspension[/i] \n[i]Blessé(s) : [/i] \n[i]Groupe : %away_team_group[/i] \n\n---\n\n[b]Les arbitres de la rencontre :[/b] \n[i]Arbitre principal : [/i] \n[i]Arbitres assistants : %referee_assistants [/i] \n[i]4e arbitre : %referee_fourth[/i] \n\n---\n\n[b]Les dernières confrontations :[/b]\n13-12-2020 : Nice 0 - 1 Rennes 1 - Ligue 1\n24-01-2020 : Nice 1 - 1 Rennes 1 - Ligue 1\n14-09-2018 : Nice 2 - 1 Rennes 1 - Ligue 1\n08-04-2018 : Nice 1 - 1 Rennes 1 - Ligue 1\n14-08-2016 : Nice 1 - 0 Rennes 1 - Ligue 1\n\n\n\n[b]Bilan des confrontations :[/b]\n[img](lien mini logo équipe domicile)[/img] (nombre de victoires équipe domicile) - (nombre matchs nuls) - (nombre de victoires équipe extérieure) [img](lien mini logo équipe extérieur)[/img] (mini logo : https://www.transfermarkt.fr/ligue-1/startseite/wettbewerb/FR1 clic droit copier lien de l\'image)\n\n---\n\n[b]Diffusion télé :[/b] (Logo à trouver ici : https://www.ligue1.fr/ feuille de match)\n\n---\n\nClassement Ligue 1','2022-03-28 16:14:52','2022-03-28 16:14:52'),(16,30,1,'[center][b]Ligue 1 - 30e journée[/b][/center]\n\n[center][b]samedi 2 avril 2022 à 17:00 - Allianz Riviera[/b][/center] \n\n[center][img]https://media.api-sports.io/football/teams/84.png[/img] | [img]https://media.api-sports.io/football/teams/94.png[/img][/center]\n\n[center][b]4e[/b] | [b]3e[/b][/center] \n[center][b]50 pts[/b] | [b]52 pts[/b][/center] \n[center][b]+16[/b] | [b]+35[/b][/center]\n\n[center]%presentation[/center]\n\n[center][b]Chiffres à domicile[/b] | [b]Chiffres à l\'extérieur[/b][/center]\n\n[center]9e | 6e[/center]\n[center]7V- 3N - 4D | 5V- 3N - 6D[/center]\n[center]24 pts | 18 pts[/center]\n[center]+4 | +6[/center]\n[center][b]Série en cours (Dom | Ext)[/b][/center]\n[center]WWLWW | WWLLL[/center]\n[center][b]Meilleurs buteurs (Dom | Ext)[/b][/center] \n[center][img]https://media.api-sports.io/football/players/21591.png[/img] [img]https://media.api-sports.io/football/players/85041.png[/img] | [img]https://media.api-sports.io/football/players/663.png[/img]\nAndy DELORT, Amine GOUIRI (3) | Martin TERRIER (8)[/center]\n\n\n\n[b]Groupes :[/b] \n\n[u](Nom de l\'équipe domicile)[/u]\n[i]Suspendu(s) : %home_team_suspension[/i] \n[i]Blessé(s) : [/i] \n[i]Groupe : %home_team_group[/i] \n\n[u](Nom de l\'équipe extérieure)[/u] \n[i]Suspendu(s) : %away_team_suspension[/i] \n[i]Blessé(s) : [/i] \n[i]Groupe : %away_team_group[/i] \n\n---\n\n[b]Les arbitres de la rencontre :[/b] \n[i]Arbitre principal : [/i] \n[i]Arbitres assistants : %referee_assistants [/i] \n[i]4e arbitre : %referee_fourth[/i] \n\n---\n\n[b]Les dernières confrontations :[/b]\n[color=#0f5b99]13-12-2020 : Nice 0 - 1 Rennes - Ligue 1[/color]\n[color=#807F7F]24-01-2020 : Nice 1 - 1 Rennes - Ligue 1[/color]\n[color=#FE0500]14-09-2018 : Nice 2 - 1 Rennes - Ligue 1[/color]\n[color=#807F7F]08-04-2018 : Nice 1 - 1 Rennes - Ligue 1[/color]\n[color=#FE0500]14-08-2016 : Nice 1 - 0 Rennes - Ligue 1[/color]\n\n\n\n[b]Bilan des confrontations :[/b]\n[img](lien mini logo équipe domicile)[/img] (nombre de victoires équipe domicile) - (nombre matchs nuls) - (nombre de victoires équipe extérieure) [img](lien mini logo équipe extérieur)[/img] (mini logo : https://www.transfermarkt.fr/ligue-1/startseite/wettbewerb/FR1 clic droit copier lien de l\'image)\n\n---\n\n[b]Diffusion télé :[/b] (Logo à trouver ici : https://www.ligue1.fr/ feuille de match)\n\n---\n\nClassement Ligue 1','2022-03-28 16:26:07','2022-03-28 16:26:07'),(17,30,1,'[center][b]Ligue 1 - 30e journée[/b][/center]\n\n[center][b]samedi 2 avril 2022 à 17:00 - Allianz Riviera[/b][/center] \n\n[center][img]https://media.api-sports.io/football/teams/84.png[/img] | [img]https://media.api-sports.io/football/teams/94.png[/img][/center]\n\n[center][b]4e[/b] | [b]3e[/b][/center] \n[center][b]50 pts[/b] | [b]52 pts[/b][/center] \n[center][b]+16[/b] | [b]+35[/b][/center]\n\n[center]%presentation[/center]\n\n[center][b]Chiffres à domicile[/b] | [b]Chiffres à l\'extérieur[/b][/center]\n\n[center]9e | 6e[/center]\n[center]7V- 3N - 4D | 5V- 3N - 6D[/center]\n[center]24 pts | 18 pts[/center]\n[center]+4 | +6[/center]\n[center][b]Série en cours (Dom | Ext)[/b][/center]\n[center]WWLWW | WWLLL[/center]\n[center][b]Meilleurs buteurs (Dom | Ext)[/b][/center] \n[center][img]https://media.api-sports.io/football/players/21591.png[/img] [img]https://media.api-sports.io/football/players/85041.png[/img] | [img]https://media.api-sports.io/football/players/663.png[/img]\nAndy DELORT, Amine GOUIRI (3) | Martin TERRIER (8)[/center]\n\n\n\n[b]Groupes :[/b] \n\n[u](Nom de l\'équipe domicile)[/u]\n[i]Suspendu(s) : %home_team_suspension[/i] \n[i]Blessé(s) : [/i] \n[i]Groupe : %home_team_group[/i] \n\n[u](Nom de l\'équipe extérieure)[/u] \n[i]Suspendu(s) : %away_team_suspension[/i] \n[i]Blessé(s) : [/i] \n[i]Groupe : %away_team_group[/i] \n\n---\n\n[b]Les arbitres de la rencontre :[/b] \n[i]Arbitre principal : [/i] \n[i]Arbitres assistants : %referee_assistants [/i] \n[i]4e arbitre : %referee_fourth[/i] \n\n---\n\n[b]Les dernières confrontations :[/b]\n[color=#0f5b99]13-12-2020 : Nice 0 - 1 Rennes - Ligue 1[/color]\n[color=#807F7F]24-01-2020 : Nice 1 - 1 Rennes - Ligue 1[/color]\n[color=#FE0500]14-09-2018 : Nice 2 - 1 Rennes - Ligue 1[/color]\n[color=#807F7F]08-04-2018 : Nice 1 - 1 Rennes - Ligue 1[/color]\n[color=#FE0500]14-08-2016 : Nice 1 - 0 Rennes - Ligue 1[/color]\n\n\n\n[b]Bilan des confrontations :[/b]\n[img]https://media.api-sports.io/football/teams/84.png[/img] %stats_home_win - %stats_draw - %stats_away_win [img]https://media.api-sports.io/football/teams/94.png[/img]\n---\n\n[b]Diffusion télé :[/b] (Logo à trouver ici : https://www.ligue1.fr/ feuille de match)\n\n---\n\nClassement Ligue 1','2022-03-28 16:42:36','2022-03-28 16:42:36'),(18,30,1,'[center][b]Ligue 1 - 30e journée[/b][/center]\n\n[center][b]samedi 2 avril 2022 à 17:00 - Allianz Riviera[/b][/center] \n\n[center][img]https://media.api-sports.io/football/teams/84.png[/img] | [img]https://media.api-sports.io/football/teams/94.png[/img][/center]\n\n[center][b]4e[/b] | [b]3e[/b][/center] \n[center][b]50 pts[/b] | [b]52 pts[/b][/center] \n[center][b]+16[/b] | [b]+35[/b][/center]\n\n[center]%presentation[/center]\n\n[center][b]Chiffres à domicile[/b] | [b]Chiffres à l\'extérieur[/b][/center]\n\n[center]9e | 6e[/center]\n[center]7V- 3N - 4D | 5V- 3N - 6D[/center]\n[center]24 pts | 18 pts[/center]\n[center]+4 | +6[/center]\n[center][b]Série en cours (Dom | Ext)[/b][/center]\n[center]WWLWW | WWLLL[/center]\n[center][b]Meilleurs buteurs (Dom | Ext)[/b][/center] \n[center][img]https://media.api-sports.io/football/players/21591.png[/img] [img]https://media.api-sports.io/football/players/85041.png[/img] | [img]https://media.api-sports.io/football/players/663.png[/img]\nAndy DELORT, Amine GOUIRI (3) | Martin TERRIER (8)[/center]\n\n\n\n[b]Groupes :[/b] \n\n[u](Nom de l\'équipe domicile)[/u]\n[i]Suspendu(s) : %home_team_suspension[/i] \n[i]Blessé(s) : [/i] \n[i]Groupe : %home_team_group[/i] \n\n[u](Nom de l\'équipe extérieure)[/u] \n[i]Suspendu(s) : %away_team_suspension[/i] \n[i]Blessé(s) : [/i] \n[i]Groupe : %away_team_group[/i] \n\n---\n\n[b]Les arbitres de la rencontre :[/b] \n[i]Arbitre principal : [/i] \n[i]Arbitres assistants : %referee_assistants [/i] \n[i]4e arbitre : %referee_fourth[/i] \n\n---\n\n[b]Les dernières confrontations :[/b]\n[color=#0f5b99]13-12-2020 : Nice 0 - 1 Rennes - Ligue 1[/color]\n[color=#807F7F]24-01-2020 : Nice 1 - 1 Rennes - Ligue 1[/color]\n[color=#FE0500]14-09-2018 : Nice 2 - 1 Rennes - Ligue 1[/color]\n[color=#807F7F]08-04-2018 : Nice 1 - 1 Rennes - Ligue 1[/color]\n[color=#FE0500]14-08-2016 : Nice 1 - 0 Rennes - Ligue 1[/color]\n\n\n\n[b]Bilan des confrontations :[/b]\n[img]https://media.api-sports.io/football/teams/84.png[/img] 2 - 2 - 1 [img]https://media.api-sports.io/football/teams/94.png[/img]\n---\n\n[b]Diffusion télé :[/b] (Logo à trouver ici : https://www.ligue1.fr/ feuille de match)\n\n---\n\nClassement Ligue 1','2022-03-28 16:43:15','2022-03-28 16:43:15'),(19,30,1,'[center][b]Ligue 1 - 30e journée[/b][/center]\n\n[center][b]samedi 2 avril 2022 à 17:00 - Allianz Riviera[/b][/center] \n\n[center][img]https://media.api-sports.io/football/teams/84.png[/img] | [img]https://media.api-sports.io/football/teams/94.png[/img][/center]\n\n[center][b]4e[/b] | [b]3e[/b][/center] \n[center][b]50 pts[/b] | [b]52 pts[/b][/center] \n[center][b]+16[/b] | [b]+35[/b][/center]\n\n[center]%presentation[/center]\n\n[center][b]Chiffres à domicile[/b] | [b]Chiffres à l\'extérieur[/b][/center]\n\n[center]9e | 6e[/center]\n[center]7V- 3N - 4D | 5V- 3N - 6D[/center]\n[center]24 pts | 18 pts[/center]\n[center]+4 | +6[/center]\n[center][b]Série en cours (Dom | Ext)[/b][/center]\n[center]WWLWW | WWLLL[/center]\n[center][b]Meilleurs buteurs (Dom | Ext)[/b][/center] \n[center][img]https://media.api-sports.io/football/players/21591.png[/img] [img]https://media.api-sports.io/football/players/85041.png[/img] | [img]https://media.api-sports.io/football/players/663.png[/img]\nAndy DELORT, Amine GOUIRI (3) | Martin TERRIER (8)[/center]\n\n\n\n[b]Groupes :[/b] \n\n[u](Nom de l\'équipe domicile)[/u]\n[i]Suspendu(s) : %home_team_suspension[/i] \n[i]Blessé(s) : [/i] \n[i]Groupe : %home_team_group[/i] \n\n[u](Nom de l\'équipe extérieure)[/u] \n[i]Suspendu(s) : %away_team_suspension[/i] \n[i]Blessé(s) : [/i] \n[i]Groupe : %away_team_group[/i] \n\n---\n\n[b]Les arbitres de la rencontre :[/b] \n[i]Arbitre principal : [/i] \n[i]Arbitres assistants : %referee_assistants [/i] \n[i]4e arbitre : %referee_fourth[/i] \n\n---\n\n[b]Les dernières confrontations :[/b]\n[color=#0f5b99]13-12-2020 : Nice 0 - 1 Rennes - Ligue 1[/color]\n[color=#807F7F]24-01-2020 : Nice 1 - 1 Rennes - Ligue 1[/color]\n[color=#FE0500]14-09-2018 : Nice 2 - 1 Rennes - Ligue 1[/color]\n[color=#807F7F]08-04-2018 : Nice 1 - 1 Rennes - Ligue 1[/color]\n[color=#FE0500]14-08-2016 : Nice 1 - 0 Rennes - Ligue 1[/color]\n\n\n\n[b]Bilan des confrontations :[/b]\n[img]https://media.api-sports.io/football/teams/84.png[/img] 6 - 5 - 4 [img]https://media.api-sports.io/football/teams/94.png[/img]\n---\n\n[b]Diffusion télé :[/b] (Logo à trouver ici : https://www.ligue1.fr/ feuille de match)\n\n---\n\nClassement Ligue 1','2022-03-28 16:43:28','2022-03-28 16:43:28'),(20,30,1,'[center][b]Ligue 1 - 30e journée[/b][/center]\n\n[center][b]samedi 2 avril 2022 à 17:00 - Allianz Riviera[/b][/center] \n\n[center][img]https://media.api-sports.io/football/teams/84.png[/img] | [img]https://media.api-sports.io/football/teams/94.png[/img][/center]\n\n[center][b]4e[/b] | [b]3e[/b][/center] \n[center][b]50 pts[/b] | [b]52 pts[/b][/center] \n[center][b]+16[/b] | [b]+35[/b][/center]\n\n[center]%presentation[/center]\n\n[center][b]Chiffres à domicile[/b] | [b]Chiffres à l\'extérieur[/b][/center]\n\n[center]9e | 6e[/center]\n[center]7V- 3N - 4D | 5V- 3N - 6D[/center]\n[center]24 pts | 18 pts[/center]\n[center]+4 | +6[/center]\n[center][b]Série en cours (Dom | Ext)[/b][/center]\n[center]WWLWW | WWLLL[/center]\n[center][b]Meilleurs buteurs (Dom | Ext)[/b][/center] \n[center][img]https://media.api-sports.io/football/players/21591.png[/img] [img]https://media.api-sports.io/football/players/85041.png[/img] | [img]https://media.api-sports.io/football/players/663.png[/img]\nAndy DELORT, Amine GOUIRI (3) | Martin TERRIER (8)[/center]\n\n\n\n[b]Groupes :[/b] \n\n[u](Nom de l\'équipe domicile)[/u]\n[i]Suspendu(s) : %home_team_suspension[/i] \n[i]Blessé(s) : [/i] \n[i]Groupe : %home_team_group[/i] \n\n[u](Nom de l\'équipe extérieure)[/u] \n[i]Suspendu(s) : %away_team_suspension[/i] \n[i]Blessé(s) : [/i] \n[i]Groupe : %away_team_group[/i] \n\n---\n\n[b]Les arbitres de la rencontre :[/b] \n[i]Arbitre principal : [/i] \n[i]Arbitres assistants : %referee_assistants [/i] \n[i]4e arbitre : %referee_fourth[/i] \n\n---\n\n[b]Les dernières confrontations :[/b]\n[color=#0f5b99]13-12-2020 : Nice 0 - 1 Rennes - Ligue 1[/color]\n[color=#807F7F]24-01-2020 : Nice 1 - 1 Rennes - Ligue 1[/color]\n[color=#FE0500]14-09-2018 : Nice 2 - 1 Rennes - Ligue 1[/color]\n[color=#807F7F]08-04-2018 : Nice 1 - 1 Rennes - Ligue 1[/color]\n[color=#FE0500]14-08-2016 : Nice 1 - 0 Rennes - Ligue 1[/color]\n\n\n\n[b]Bilan des confrontations :[/b]\n[img]https://media.api-sports.io/football/teams/84.png[/img] 6 - 5 - 4 [img]https://media.api-sports.io/football/teams/94.png[/img]\n---\n\n[b]Diffusion télé :[/b] Prime\n\n---\n\nClassement Ligue 1','2022-03-29 08:25:03','2022-03-29 08:25:03'),(21,30,1,'[center][b]Ligue 1 - 30e journée[/b][/center]\n\n[center][b]samedi 2 avril 2022 à 17:00 - Allianz Riviera[/b][/center] \n\n[center][img]https://media.api-sports.io/football/teams/84.png[/img] | [img]https://media.api-sports.io/football/teams/94.png[/img][/center]\n\n[center][b]4e[/b] | [b]3e[/b][/center] \n[center][b]50 pts[/b] | [b]52 pts[/b][/center] \n[center][b]+16[/b] | [b]+35[/b][/center]\n\n[center]%presentation[/center]\n\n[center][b]Chiffres à domicile[/b] | [b]Chiffres à l\'extérieur[/b][/center]\n\n[center]9e | 6e[/center]\n[center]7V- 3N - 4D | 5V- 3N - 6D[/center]\n[center]24 pts | 18 pts[/center]\n[center]+4 | +6[/center]\n[center][b]Série en cours (Dom | Ext)[/b][/center]\n[center]WWLWW | WWLLL[/center]\n[center][b]Meilleurs buteurs (Dom | Ext)[/b][/center] \n[center][img]https://media.api-sports.io/football/players/21591.png[/img] [img]https://media.api-sports.io/football/players/85041.png[/img] | [img]https://media.api-sports.io/football/players/663.png[/img]\nAndy DELORT, Amine GOUIRI (3) | Martin TERRIER (8)[/center]\n\n\n\n[b]Groupes :[/b] \n\n[u](Nom de l\'équipe domicile)[/u]\n[i]Suspendu(s) : %home_team_suspension[/i] \n[i]Blessé(s) : [/i] \n[i]Groupe : %home_team_group[/i] \n\n[u](Nom de l\'équipe extérieure)[/u] \n[i]Suspendu(s) : %away_team_suspension[/i] \n[i]Blessé(s) : [/i] \n[i]Groupe : %away_team_group[/i] \n\n---\n\n[b]Les arbitres de la rencontre :[/b] \n[i]Arbitre principal : [/i] \n[i]Arbitres assistants : %referee_assistants [/i] \n[i]4e arbitre : %referee_fourth[/i] \n\n---\n\n[b]Les dernières confrontations :[/b]\n[color=#0f5b99]13-12-2020 : Nice 0 - 1 Rennes - Ligue 1[/color]\n[color=#807F7F]24-01-2020 : Nice 1 - 1 Rennes - Ligue 1[/color]\n[color=#FE0500]14-09-2018 : Nice 2 - 1 Rennes - Ligue 1[/color]\n[color=#807F7F]08-04-2018 : Nice 1 - 1 Rennes - Ligue 1[/color]\n[color=#FE0500]14-08-2016 : Nice 1 - 0 Rennes - Ligue 1[/color]\n\n\n\n[b]Bilan des confrontations :[/b]\n[img]https://media.api-sports.io/football/teams/84.png[/img] 6 - 5 - 4 [img]https://media.api-sports.io/football/teams/94.png[/img]\n---\n\n[b]Diffusion télé :[/b] [img]https://www.ligue1.fr/-/media/Project/LFP/shared/Images/Broadcasters/Prime_Video.png[/img]\n\n---\n\nClassement Ligue 1','2022-03-29 08:28:43','2022-03-29 08:28:43'),(22,30,1,'[center][b]Ligue 1 - 30e journée[/b][/center]\n\n[center][b]samedi 2 avril 2022 à 17:00 - Allianz Riviera[/b][/center] \n\n[center][img]https://media.api-sports.io/football/teams/84.png[/img] | [img]https://media.api-sports.io/football/teams/94.png[/img][/center]\n\n[center][b]4e[/b] | [b]3e[/b][/center] \n[center][b]50 pts[/b] | [b]52 pts[/b][/center] \n[center][b]+16[/b] | [b]+35[/b][/center]\n\n[center]%presentation[/center]\n\n[center][b]Chiffres à domicile[/b] | [b]Chiffres à l\'extérieur[/b][/center]\n\n[center]9e | 6e[/center]\n[center]7V- 3N - 4D | 5V- 3N - 6D[/center]\n[center]24 pts | 18 pts[/center]\n[center]+4 | +6[/center]\n[center][b]Série en cours (Dom | Ext)[/b][/center]\n[center]WWLWW | WWLLL[/center]\n[center][b]Meilleurs buteurs (Dom | Ext)[/b][/center] \n[center][img]https://media.api-sports.io/football/players/21591.png[/img] [img]https://media.api-sports.io/football/players/85041.png[/img] | [img]https://media.api-sports.io/football/players/663.png[/img]\nAndy DELORT, Amine GOUIRI (3) | Martin TERRIER (8)[/center]\n\n\n\n[b]Groupes :[/b] \n\n[u](Nom de l\'équipe domicile)[/u]\n[i]Suspendu(s) : [/i] \n[i]Blessé(s) : [/i] \n[i]Groupe : [/i] \n\n[u](Nom de l\'équipe extérieure)[/u] \n[i]Suspendu(s) : [/i] \n[i]Blessé(s) : [/i] \n[i]Groupe : [/i] \n\n---\n\n[b]Les arbitres de la rencontre :[/b] \n[i]Arbitre principal : [/i] \n[i]Arbitres assistants :  [/i] \n[i]4e arbitre : [/i] \n\n---\n\n[b]Les dernières confrontations :[/b]\n[color=#0050fe]13-12-2020 : Nice 0 - 1 Rennes - Ligue 1[/color]\n[color=#807F7F]24-01-2020 : Nice 1 - 1 Rennes - Ligue 1[/color]\n[color=#FE0500]14-09-2018 : Nice 2 - 1 Rennes - Ligue 1[/color]\n[color=#807F7F]08-04-2018 : Nice 1 - 1 Rennes - Ligue 1[/color]\n[color=#FE0500]14-08-2016 : Nice 1 - 0 Rennes - Ligue 1[/color]\n\n\n\n[b]Bilan des confrontations :[/b]\n[img]https://media.api-sports.io/football/teams/84.png[/img] 6 - 5 - 4 [img]https://media.api-sports.io/football/teams/94.png[/img]\n---\n\n[b]Diffusion télé :[/b] [img]https://www.ligue1.fr/-/media/Project/LFP/shared/Images/Broadcasters/Prime_Video.png[/img]\n','2022-03-29 12:58:28','2022-03-29 12:58:28'),(23,30,1,'[center][b]Ligue 1 - 30e journée[/b][/center]\n\n[center][b]samedi 2 avril 2022 à 17:00 - Allianz Riviera[/b][/center] \n\n[center][img]https://media.api-sports.io/football/teams/84.png[/img] | [img]https://media.api-sports.io/football/teams/94.png[/img][/center]\n\n[center][b]4e[/b] | [b]3e[/b][/center] \n[center][b]50 pts[/b] | [b]52 pts[/b][/center] \n[center][b]+16[/b] | [b]+35[/b][/center]\n\n[center]%presentation[/center]\n\n[center][b]Chiffres à domicile[/b] | [b]Chiffres à l\'extérieur[/b][/center]\n\n[center]9e | 6e[/center]\n[center]7V- 3N - 4D | 5V- 3N - 6D[/center]\n[center]24 pts | 18 pts[/center]\n[center]+4 | +6[/center]\n[center][b]Série en cours (Dom | Ext)[/b][/center]\n[center]WWLWW | WWLLL[/center]\n[center][b]Meilleurs buteurs (Dom | Ext)[/b][/center] \n[center][img]https://media.api-sports.io/football/players/21591.png[/img] [img]https://media.api-sports.io/football/players/85041.png[/img] | [img]https://media.api-sports.io/football/players/663.png[/img]\nAndy DELORT, Amine GOUIRI (3) | Martin TERRIER (8)[/center]\n\n\n\n[b]Groupes :[/b] \n\n[u](Nom de l\'équipe domicile)[/u]\n[i]Suspendu(s) : [/i] \n[i]Blessé(s) : [/i] \n[i]Groupe : [/i] \n\n[u](Nom de l\'équipe extérieure)[/u] \n[i]Suspendu(s) : [/i] \n[i]Blessé(s) : [/i] \n[i]Groupe : [/i] \n\n---\n\n[b]Les arbitres de la rencontre :[/b] \n[i]Arbitre principal : [/i] \n[i]Arbitres assistants :  [/i] \n[i]4e arbitre : [/i] \n\n---\n\n[b]Les dernières confrontations :[/b]\n[color=#0050fe]13-12-2020 : Nice 0 - 1 Rennes - Ligue 1[/color]\n[color=#807F7F]24-01-2020 : Nice 1 - 1 Rennes - Ligue 1[/color]\n[color=#FE0500]14-09-2018 : Nice 2 - 1 Rennes - Ligue 1[/color]\n[color=#807F7F]08-04-2018 : Nice 1 - 1 Rennes - Ligue 1[/color]\n[color=#FE0500]14-08-2016 : Nice 1 - 0 Rennes - Ligue 1[/color]\n\n\n\n[b]Bilan des confrontations :[/b]\n[img]https://media.api-sports.io/football/teams/84.png[/img] 6 - 5 - 4 [img]https://media.api-sports.io/football/teams/94.png[/img]\n---\n\n[b]Diffusion télé :[/b] [img]https://www.ligue1.fr/-/media/Project/LFP/shared/Images/Broadcasters/Prime_Video.png[/img]\n','2022-03-29 12:59:36','2022-03-29 12:59:36'),(24,30,1,'[center][b]Ligue 1 - 30e journée[/b][/center]\n\n[center][b]samedi 2 avril 2022 à 17:00 - Allianz Riviera[/b][/center] \n\n[center][img]https://media.api-sports.io/football/teams/84.png[/img] | [img]https://media.api-sports.io/football/teams/94.png[/img][/center]\n\n[center][b]4e[/b] | [b]3e[/b][/center] \n[center][b]50 pts[/b] | [b]52 pts[/b][/center] \n[center][b]+16[/b] | [b]+35[/b][/center]\n\n[center]%presentation[/center]\n\n[center][b]Chiffres à domicile[/b] | [b]Chiffres à l\'extérieur[/b][/center]\n\n[center]9e | 6e[/center]\n[center]7V- 3N - 4D | 5V- 3N - 6D[/center]\n[center]24 pts | 18 pts[/center]\n[center]+4 | +6[/center]\n[center][b]Série en cours (Dom | Ext)[/b][/center]\n[center]WWLWW | WWLLL[/center]\n[center][b]Meilleurs buteurs (Dom | Ext)[/b][/center] \n[center][img]https://media.api-sports.io/football/players/21591.png[/img] [img]https://media.api-sports.io/football/players/85041.png[/img] | [img]https://media.api-sports.io/football/players/663.png[/img]\nAndy DELORT, Amine GOUIRI (3) | Martin TERRIER (8)[/center]\n\n\n\n[b]Groupes :[/b] \n\n[u](Nom de l\'équipe domicile)[/u]\n[i]Suspendu(s) : [/i] \n[i]Blessé(s) : [/i] \n[i]Groupe : [/i] \n\n[u](Nom de l\'équipe extérieure)[/u] \n[i]Suspendu(s) : [/i] \n[i]Blessé(s) : [/i] \n[i]Groupe : [/i] \n\n---\n\n[b]Les arbitres de la rencontre :[/b] \n[i]Arbitre principal : [/i] \n[i]Arbitres assistants :  [/i] \n[i]4e arbitre : [/i] \n\n---\n\n[b]Les dernières confrontations :[/b]\n[color=#0050fe]13-12-2020 : Nice 0 - 1 Rennes - Ligue 1[/color]\n[color=#807F7F]24-01-2020 : Nice 1 - 1 Rennes - Ligue 1[/color]\n[color=#FE0500]14-09-2018 : Nice 2 - 1 Rennes - Ligue 1[/color]\n[color=#807F7F]08-04-2018 : Nice 1 - 1 Rennes - Ligue 1[/color]\n[color=#FE0500]14-08-2016 : Nice 1 - 0 Rennes - Ligue 1[/color]\n\n\n\n[b]Bilan des confrontations :[/b]\n[img]https://media.api-sports.io/football/teams/84.png[/img] 6 - 5 - 4 [img]https://media.api-sports.io/football/teams/94.png[/img]\n---\n\n[b]Diffusion télé :[/b] [img]https://www.ligue1.fr/-/media/Project/LFP/shared/Images/Broadcasters/Prime_Video.png[/img]\n','2022-03-29 13:04:56','2022-03-29 13:04:56'),(25,30,1,'[center][b]Ligue 1 - 30e journée[/b][/center]\n\n[center][b]samedi 2 avril 2022 à 17:00 - Allianz Riviera[/b][/center] \n\n[center][img]https://media.api-sports.io/football/teams/84.png[/img] | [img]https://media.api-sports.io/football/teams/94.png[/img][/center]\n\n[center][b]4e[/b] | [b]3e[/b][/center] \n[center][b]50 pts[/b] | [b]52 pts[/b][/center] \n[center][b]+16[/b] | [b]+35[/b][/center]\n\n[center]%presentation[/center]\n\n[center][b]Chiffres à domicile[/b] | [b]Chiffres à l\'extérieur[/b][/center]\n\n[center]9e | 6e[/center]\n[center]7V- 3N - 4D | 5V- 3N - 6D[/center]\n[center]24 pts | 18 pts[/center]\n[center]+4 | +6[/center]\n[center][b]Série en cours (Dom | Ext)[/b][/center]\n[center]WWLWW | WWLLL[/center]\n[center][b]Meilleurs buteurs (Dom | Ext)[/b][/center] \n[center][img]https://media.api-sports.io/football/players/21591.png[/img] [img]https://media.api-sports.io/football/players/85041.png[/img] | [img]https://media.api-sports.io/football/players/663.png[/img]\nAndy DELORT, Amine GOUIRI (3) | Martin TERRIER (8)[/center]\n\n\n\n[b]Groupes :[/b] \n\n[u](Nom de l\'équipe domicile)[/u]\n[i]Suspendu(s) : [/i] \n[i]Blessé(s) : [/i] \n[i]Groupe : [/i] \n\n[u](Nom de l\'équipe extérieure)[/u] \n[i]Suspendu(s) : [/i] \n[i]Blessé(s) : [/i] \n[i]Groupe : [/i] \n\n---\n\n[b]Les arbitres de la rencontre :[/b] \n[i]Arbitre principal : [/i] \n[i]Arbitres assistants :  [/i] \n[i]4e arbitre : [/i] \n\n---\n\n[b]Les dernières confrontations :[/b]\n[color=#0050fe]13-12-2020 : Nice 0 - 1 Rennes - Ligue 1[/color]\n[color=#807F7F]24-01-2020 : Nice 1 - 1 Rennes - Ligue 1[/color]\n[color=#FE0500]14-09-2018 : Nice 2 - 1 Rennes - Ligue 1[/color]\n[color=#807F7F]08-04-2018 : Nice 1 - 1 Rennes - Ligue 1[/color]\n[color=#FE0500]14-08-2016 : Nice 1 - 0 Rennes - Ligue 1[/color]\n\n\n\n[b]Bilan des confrontations :[/b]\n[img]https://media.api-sports.io/football/teams/84.png[/img] 6 - 5 - 4 [img]https://media.api-sports.io/football/teams/94.png[/img]\n---\n\n[b]Diffusion télé :[/b] [img]https://www.ligue1.fr/-/media/Project/LFP/shared/Images/Broadcasters/Prime_Video.png[/img]\n','2022-03-29 13:16:16','2022-03-29 13:16:16'),(26,30,1,'[center][b]Ligue 1 - 30e journée[/b][/center]\n\n[center][b]samedi 2 avril 2022 à 17:00 - Allianz Riviera[/b][/center] \n\n[center][img]https://media.api-sports.io/football/teams/84.png[/img] | [img]https://media.api-sports.io/football/teams/94.png[/img][/center]\n\n[center][b]4e[/b] | [b]3e[/b][/center] \n[center][b]50 pts[/b] | [b]52 pts[/b][/center] \n[center][b]+16[/b] | [b]+35[/b][/center]\n\n[center]%presentation[/center]\n\n[center][b]Chiffres à domicile[/b] | [b]Chiffres à l\'extérieur[/b][/center]\n\n[center]9e | 6e[/center]\n[center]7V- 3N - 4D | 5V- 3N - 6D[/center]\n[center]24 pts | 18 pts[/center]\n[center]+4 | +6[/center]\n[center][b]Série en cours (Dom | Ext)[/b][/center]\n[center]WWLWW | WWLLL[/center]\n[center][b]Meilleurs buteurs (Dom | Ext)[/b][/center] \n[center][img]https://media.api-sports.io/football/players/21591.png[/img] [img]https://media.api-sports.io/football/players/85041.png[/img] | [img]https://media.api-sports.io/football/players/663.png[/img]\nAndy DELORT, Amine GOUIRI (3) | Martin TERRIER (8)[/center]\n\n\n\n[b]Groupes :[/b] \n\n[u](Nom de l\'équipe domicile)[/u]\n[i]Suspendu(s) : [/i] \n[i]Blessé(s) : [/i] \n[i]Groupe : [/i] \n\n[u](Nom de l\'équipe extérieure)[/u] \n[i]Suspendu(s) : [/i] \n[i]Blessé(s) : [/i] \n[i]Groupe : [/i] \n\n---\n\n[b]Les arbitres de la rencontre :[/b] \n[i]Arbitre principal : [/i] \n[i]Arbitres assistants :  [/i] \n[i]4e arbitre : [/i] \n\n---\n\n[b]Les dernières confrontations :[/b]\n[color=#0050fe]13-12-2020 : Nice 0 - 1 Rennes - Ligue 1[/color]\n[color=#807F7F]24-01-2020 : Nice 1 - 1 Rennes - Ligue 1[/color]\n[color=#FE0500]14-09-2018 : Nice 2 - 1 Rennes - Ligue 1[/color]\n[color=#807F7F]08-04-2018 : Nice 1 - 1 Rennes - Ligue 1[/color]\n[color=#FE0500]14-08-2016 : Nice 1 - 0 Rennes - Ligue 1[/color]\n\n\n\n[b]Bilan des confrontations :[/b]\n[img]https://media.api-sports.io/football/teams/84.png[/img] 6 - 5 - 4 [img]https://media.api-sports.io/football/teams/94.png[/img]\n---\n\n[b]Diffusion télé :[/b] [img]https://www.ligue1.fr/-/media/Project/LFP/shared/Images/Broadcasters/Prime_Video.png[/img]\n','2022-03-29 13:16:54','2022-03-29 13:16:54'),(27,30,1,'[center][b]Ligue 1 - 30e journée[/b][/center]\n\n[center][b]samedi 2 avril 2022 à 17:00 - Allianz Riviera[/b][/center] \n\n[center][img]https://media.api-sports.io/football/teams/84.png[/img] | [img]https://media.api-sports.io/football/teams/94.png[/img][/center]\n\n[center][b]4e[/b] | [b]3e[/b][/center] \n[center][b]50 pts[/b] | [b]52 pts[/b][/center] \n[center][b]+16[/b] | [b]+35[/b][/center]\n\n[center]%presentation[/center]\n\n[center][b]Chiffres à domicile[/b] | [b]Chiffres à l\'extérieur[/b][/center]\n\n[center]9e | 6e[/center]\n[center]7V- 3N - 4D | 5V- 3N - 6D[/center]\n[center]24 pts | 18 pts[/center]\n[center]+4 | +6[/center]\n[center][b]Série en cours (Dom | Ext)[/b][/center]\n[center]WWLWW | WWLLL[/center]\n[center][b]Meilleurs buteurs (Dom | Ext)[/b][/center] \n[center][img]https://media.api-sports.io/football/players/21591.png[/img] [img]https://media.api-sports.io/football/players/85041.png[/img] | [img]https://media.api-sports.io/football/players/663.png[/img]\nAndy DELORT, Amine GOUIRI (3) | Martin TERRIER (8)[/center]\n\n\n\n[b]Groupes :[/b] \n\n[u](Nom de l\'équipe domicile)[/u]\n[i]Suspendu(s) : [/i] \n[i]Blessé(s) : [/i] \n[i]Groupe : [/i] \n\n[u](Nom de l\'équipe extérieure)[/u] \n[i]Suspendu(s) : [/i] \n[i]Blessé(s) : [/i] \n[i]Groupe : [/i] \n\n---\n\n[b]Les arbitres de la rencontre :[/b] \n[i]Arbitre principal : B. Bastien[/i] \n[i]Arbitres assistants :  [/i] \n[i]4e arbitre : [/i] \n\n---\n\n[b]Les dernières confrontations :[/b]\n[color=#0050fe]13-12-2020 : Nice 0 - 1 Rennes - Ligue 1[/color]\n[color=#807F7F]24-01-2020 : Nice 1 - 1 Rennes - Ligue 1[/color]\n[color=#FE0500]14-09-2018 : Nice 2 - 1 Rennes - Ligue 1[/color]\n[color=#807F7F]08-04-2018 : Nice 1 - 1 Rennes - Ligue 1[/color]\n[color=#FE0500]14-08-2016 : Nice 1 - 0 Rennes - Ligue 1[/color]\n\n\n\n[b]Bilan des confrontations :[/b]\n[img]https://media.api-sports.io/football/teams/84.png[/img] 6 - 5 - 4 [img]https://media.api-sports.io/football/teams/94.png[/img]\n---\n\n[b]Diffusion télé :[/b] [img]https://www.ligue1.fr/-/media/Project/LFP/shared/Images/Broadcasters/Prime_Video.png[/img]\n','2022-03-30 09:09:04','2022-03-30 09:09:04'),(28,30,1,'[center][b]Ligue 1 - 30e journée[/b][/center]\n\n[center][b]samedi 2 avril 2022 à 17:00 - Allianz Riviera[/b][/center] \n\n[center][img]https://media.api-sports.io/football/teams/84.png[/img] | [img]https://media.api-sports.io/football/teams/94.png[/img][/center]\n\n[center][b]4e[/b] | [b]3e[/b][/center] \n[center][b]50 pts[/b] | [b]52 pts[/b][/center] \n[center][b]+16[/b] | [b]+35[/b][/center]\n\n[center]%presentation[/center]\n\n[center][b]Chiffres à domicile[/b] | [b]Chiffres à l\'extérieur[/b][/center]\n\n[center]9e | 6e[/center]\n[center]7V- 3N - 4D | 5V- 3N - 6D[/center]\n[center]24 pts | 18 pts[/center]\n[center]+4 | +6[/center]\n[center][b]Série en cours (Dom | Ext)[/b][/center]\n[center]WWLWW | WWLLL[/center]\n[center][b]Meilleurs buteurs (Dom | Ext)[/b][/center] \n[center][img]https://media.api-sports.io/football/players/21591.png[/img] [img]https://media.api-sports.io/football/players/85041.png[/img] | [img]https://media.api-sports.io/football/players/663.png[/img]\nAndy DELORT, Amine GOUIRI (3) | Martin TERRIER (8)[/center]\n\n\n\n[b]Groupes :[/b] \n\n[u](Nom de l\'équipe domicile)[/u]\n[i]Suspendu(s) : [/i] \n[i]Blessé(s) : [/i] \n[i]Groupe : [/i] \n\n[u](Nom de l\'équipe extérieure)[/u] \n[i]Suspendu(s) : [/i] \n[i]Blessé(s) : [/i] \n[i]Groupe : [/i] \n\n---\n\n[b]Les arbitres de la rencontre :[/b] \n[i]Arbitre principal : B. Bastien[/i] \n[i]Arbitres assistants :  [/i] \n[i]4e arbitre : [/i] \n\n---\n\n[b]Les dernières confrontations :[/b]\n[color=#0050fe]13-12-2020 : Nice 0 - 1 Rennes - Ligue 1[/color]\n[color=#807F7F]24-01-2020 : Nice 1 - 1 Rennes - Ligue 1[/color]\n[color=#FE0500]14-09-2018 : Nice 2 - 1 Rennes - Ligue 1[/color]\n[color=#807F7F]08-04-2018 : Nice 1 - 1 Rennes - Ligue 1[/color]\n[color=#FE0500]14-08-2016 : Nice 1 - 0 Rennes - Ligue 1[/color]\n\n\n\n[b]Bilan des confrontations :[/b]\n[img]https://media.api-sports.io/football/teams/84.png[/img] 6 - 5 - 4 [img]https://media.api-sports.io/football/teams/94.png[/img]\n---\n\n[b]Diffusion télé :[/b] [img]https://www.ligue1.fr/-/media/Project/LFP/shared/Images/Broadcasters/Prime_Video.png[/img]\n','2022-03-30 09:45:13','2022-03-30 09:45:13'),(29,30,1,'[center][b]Ligue 1 - 30e journée[/b][/center]\n\n[center][b]samedi 2 avril 2022 à 17:00 - Allianz Riviera[/b][/center] \n\n[center][img]https://media.api-sports.io/football/teams/84.png[/img] | [img]https://media.api-sports.io/football/teams/94.png[/img][/center]\n\n[center][b]4e[/b] | [b]3e[/b][/center] \n[center][b]50 pts[/b] | [b]52 pts[/b][/center] \n[center][b]+16[/b] | [b]+35[/b][/center]\n\n[center]%presentation[/center]\n\n[center][b]Chiffres à domicile[/b] | [b]Chiffres à l\'extérieur[/b][/center]\n\n[center]9e | 6e[/center]\n[center]7V- 3N - 4D | 5V- 3N - 6D[/center]\n[center]24 pts | 18 pts[/center]\n[center]+4 | +6[/center]\n[center][b]Série en cours (Dom | Ext)[/b][/center]\n[center]WWLWW | WWLLL[/center]\n[center][b]Meilleurs buteurs (Dom | Ext)[/b][/center] \n[center][img]https://media.api-sports.io/football/players/21591.png[/img] [img]https://media.api-sports.io/football/players/85041.png[/img] | [img]https://media.api-sports.io/football/players/663.png[/img]\nAndy DELORT, Amine GOUIRI (3) | Martin TERRIER (8)[/center]\n\n\n\n[b]Groupes :[/b] \n\n[u](Nom de l\'équipe domicile)[/u]\n[i]Suspendu(s) : [/i] \n[i]Blessé(s) : %home_team_injuries[/i] \n[i]Groupe : [/i] \n\n[u](Nom de l\'équipe extérieure)[/u] \n[i]Suspendu(s) : [/i] \n[i]Blessé(s) : %away_team_injuries[/i] \n[i]Groupe : [/i] \n\n---\n\n[b]Les arbitres de la rencontre :[/b] \n[i]Arbitre principal : B. Bastien[/i] \n[i]Arbitres assistants :  [/i] \n[i]4e arbitre : [/i] \n\n---\n\n[b]Les dernières confrontations :[/b]\n[color=#0050fe]13-12-2020 : Nice 0 - 1 Rennes - Ligue 1[/color]\n[color=#807F7F]24-01-2020 : Nice 1 - 1 Rennes - Ligue 1[/color]\n[color=#FE0500]14-09-2018 : Nice 2 - 1 Rennes - Ligue 1[/color]\n[color=#807F7F]08-04-2018 : Nice 1 - 1 Rennes - Ligue 1[/color]\n[color=#FE0500]14-08-2016 : Nice 1 - 0 Rennes - Ligue 1[/color]\n\n\n\n[b]Bilan des confrontations :[/b]\n[img]https://media.api-sports.io/football/teams/84.png[/img] 6 - 5 - 4 [img]https://media.api-sports.io/football/teams/94.png[/img]\n---\n\n[b]Diffusion télé :[/b] [img]%tv[/img]\n','2022-03-30 11:31:26','2022-03-30 11:31:26'),(30,30,1,'[center][b]Ligue 1 - 30e journée[/b][/center]\n\n[center][b]samedi 2 avril 2022 à 17:00 - Allianz Riviera[/b][/center] \n\n[center][img]https://media.api-sports.io/football/teams/84.png[/img] | [img]https://media.api-sports.io/football/teams/94.png[/img][/center]\n\n[center][b]4e[/b] | [b]3e[/b][/center] \n[center][b]50 pts[/b] | [b]52 pts[/b][/center] \n[center][b]+16[/b] | [b]+35[/b][/center]\n\n[center]%presentation[/center]\n\n[center][b]Chiffres à domicile[/b] | [b]Chiffres à l\'extérieur[/b][/center]\n\n[center]9e | 6e[/center]\n[center]7V- 3N - 4D | 5V- 3N - 6D[/center]\n[center]24 pts | 18 pts[/center]\n[center]+4 | +6[/center]\n[center][b]Série en cours (Dom | Ext)[/b][/center]\n[center]WWLWW | WWLLL[/center]\n[center][b]Meilleurs buteurs (Dom | Ext)[/b][/center] \n[center][img]https://media.api-sports.io/football/players/21591.png[/img] [img]https://media.api-sports.io/football/players/85041.png[/img] | [img]https://media.api-sports.io/football/players/663.png[/img]\nAndy DELORT, Amine GOUIRI (3) | Martin TERRIER (8)[/center]\n\n\n\n[b]Groupes :[/b] \n\n[u](Nom de l\'équipe domicile)[/u]\n[i]Suspendu(s) : [/i] \n[i]Blessé(s) : %home_team_injuries[/i] \n[i]Groupe : [/i] \n\n[u](Nom de l\'équipe extérieure)[/u] \n[i]Suspendu(s) : [/i] \n[i]Blessé(s) : %away_team_injuries[/i] \n[i]Groupe : [/i] \n\n---\n\n[b]Les arbitres de la rencontre :[/b] \n[i]Arbitre principal : B. Bastien[/i] \n[i]Arbitres assistants :  [/i] \n[i]4e arbitre : [/i] \n\n---\n\n[b]Les dernières confrontations :[/b]\n[color=#0050fe]13-12-2020 : Nice 0 - 1 Rennes - Ligue 1[/color]\n[color=#807F7F]24-01-2020 : Nice 1 - 1 Rennes - Ligue 1[/color]\n[color=#FE0500]14-09-2018 : Nice 2 - 1 Rennes - Ligue 1[/color]\n[color=#807F7F]08-04-2018 : Nice 1 - 1 Rennes - Ligue 1[/color]\n[color=#FE0500]14-08-2016 : Nice 1 - 0 Rennes - Ligue 1[/color]\n\n\n\n[b]Bilan des confrontations :[/b]\n[img]https://media.api-sports.io/football/teams/84.png[/img] 6 - 5 - 4 [img]https://media.api-sports.io/football/teams/94.png[/img]\n---\n\n[b]Diffusion télé :[/b] [img]https://www.ligue1.fr/-/media/Project/LFP/shared/Images/Broadcasters/Prime_Video.png[/img]\n','2022-03-30 11:32:12','2022-03-30 11:32:12'),(31,30,1,'[center][b]Ligue 1 - 30e journée[/b][/center]\n\n[center][b]samedi 2 avril 2022 à 17:00 - Allianz Riviera[/b][/center] \n\n[center][img]https://media.api-sports.io/football/teams/84.png[/img] | [img]https://media.api-sports.io/football/teams/94.png[/img][/center]\n\n[center][b]4e[/b] | [b]3e[/b][/center] \n[center][b]50 pts[/b] | [b]52 pts[/b][/center] \n[center][b]+16[/b] | [b]+35[/b][/center]\n\n[center]%presentation[/center]\n\n[center][b]Chiffres à domicile[/b] | [b]Chiffres à l\'extérieur[/b][/center]\n\n[center]9e | 6e[/center]\n[center]7V- 3N - 4D | 5V- 3N - 6D[/center]\n[center]24 pts | 18 pts[/center]\n[center]+4 | +6[/center]\n[center][b]Série en cours (Dom | Ext)[/b][/center]\n[center]WWLWW | WWLLL[/center]\n[center][b]Meilleurs buteurs (Dom | Ext)[/b][/center] \n[center][img]https://media.api-sports.io/football/players/21591.png[/img] [img]https://media.api-sports.io/football/players/85041.png[/img] | [img]https://media.api-sports.io/football/players/663.png[/img]\nAndy DELORT, Amine GOUIRI (3) | Martin TERRIER (8)[/center]\n\n\n\n[b]Groupes :[/b] \n\n[u](Nom de l\'équipe domicile)[/u]\n[i]Suspendu(s) : [/i] \n[i]Blessé(s) : [/i] \n[i]Groupe : [/i] \n\n[u](Nom de l\'équipe extérieure)[/u] \n[i]Suspendu(s) : [/i] \n[i]Blessé(s) : [/i] \n[i]Groupe : [/i] \n\n---\n\n[b]Les arbitres de la rencontre :[/b] \n[i]Arbitre principal : B. Bastien[/i] \n[i]Arbitres assistants :  [/i] \n[i]4e arbitre : [/i] \n\n---\n\n[b]Les dernières confrontations :[/b]\n[color=#0050fe]13-12-2020 : Nice 0 - 1 Rennes - Ligue 1[/color]\n[color=#807F7F]24-01-2020 : Nice 1 - 1 Rennes - Ligue 1[/color]\n[color=#FE0500]14-09-2018 : Nice 2 - 1 Rennes - Ligue 1[/color]\n[color=#807F7F]08-04-2018 : Nice 1 - 1 Rennes - Ligue 1[/color]\n[color=#FE0500]14-08-2016 : Nice 1 - 0 Rennes - Ligue 1[/color]\n\n\n\n[b]Bilan des confrontations :[/b]\n[img]https://media.api-sports.io/football/teams/84.png[/img] 6 - 5 - 4 [img]https://media.api-sports.io/football/teams/94.png[/img]\n---\n\n[b]Diffusion télé :[/b] [img]https://www.ligue1.fr/-/media/Project/LFP/shared/Images/Broadcasters/Prime_Video.png[/img]\n','2022-03-30 12:25:30','2022-03-30 12:25:30'),(32,30,1,'[center][b]Ligue 1 - 30e journée[/b][/center]\n\n[center][b]samedi 2 avril 2022 à 17:00 - Allianz Riviera[/b][/center] \n\n[center][img]https://media.api-sports.io/football/teams/84.png[/img] | [img]https://media.api-sports.io/football/teams/94.png[/img][/center]\n\n[center][b]4e[/b] | [b]3e[/b][/center] \n[center][b]50 pts[/b] | [b]52 pts[/b][/center] \n[center][b]+16[/b] | [b]+35[/b][/center]\n\n[center]%presentation[/center]\n\n[center][b]Chiffres à domicile[/b] | [b]Chiffres à l\'extérieur[/b][/center]\n\n[center]9e | 6e[/center]\n[center]7V- 3N - 4D | 5V- 3N - 6D[/center]\n[center]24 pts | 18 pts[/center]\n[center]+4 | +6[/center]\n[center][b]Série en cours (Dom | Ext)[/b][/center]\n[center]WWLWW | WWLLL[/center]\n[center][b]Meilleurs buteurs (Dom | Ext)[/b][/center] \n[center][img]https://media.api-sports.io/football/players/21591.png[/img] [img]https://media.api-sports.io/football/players/85041.png[/img] | [img]https://media.api-sports.io/football/players/663.png[/img]\nAndy DELORT, Amine GOUIRI (3) | Martin TERRIER (8)[/center]\n\n\n\n[b]Groupes :[/b] \n\n[u](Nom de l\'équipe domicile)[/u]\n[i]Suspendu(s) : [/i] \n[i]Blessé(s) : [/i] \n[i]Groupe : [/i] \n\n[u](Nom de l\'équipe extérieure)[/u] \n[i]Suspendu(s) : [/i] \n[i]Blessé(s) : [/i] \n[i]Groupe : [/i] \n\n---\n\n[b]Les arbitres de la rencontre :[/b] \n[i]Arbitre principal : B. Bastien[/i] \n[i]Arbitres assistants :  [/i] \n[i]4e arbitre : [/i] \n\n---\n\n[b]Les dernières confrontations :[/b]\n[color=#0050fe]13-12-2020 : Nice 0 - 1 Rennes - Ligue 1[/color]\n[color=#807F7F]24-01-2020 : Nice 1 - 1 Rennes - Ligue 1[/color]\n[color=#FE0500]14-09-2018 : Nice 2 - 1 Rennes - Ligue 1[/color]\n[color=#807F7F]08-04-2018 : Nice 1 - 1 Rennes - Ligue 1[/color]\n[color=#FE0500]14-08-2016 : Nice 1 - 0 Rennes - Ligue 1[/color]\n\n\n\n[b]Bilan des confrontations :[/b]\n[img]https://media.api-sports.io/football/teams/84.png[/img] 6 - 5 - 4 [img]https://media.api-sports.io/football/teams/94.png[/img]\n---\n\n[b]Diffusion télé :[/b] [img]https://www.ligue1.fr/-/media/Project/LFP/shared/Images/Broadcasters/Prime_Video.png[/img]\n','2022-03-30 13:22:32','2022-03-30 13:22:32'),(33,30,1,'[center][b]Ligue 1 - 30e journée[/b][/center]\n\n[center][b]samedi 2 avril 2022 à 17:00 - Allianz Riviera[/b][/center] \n\n[center][img]https://media.api-sports.io/football/teams/84.png[/img] | [img]https://media.api-sports.io/football/teams/94.png[/img][/center]\n\n[center][b]4e[/b] | [b]3e[/b][/center] \n[center][b]50 pts[/b] | [b]52 pts[/b][/center] \n[center][b]+16[/b] | [b]+35[/b][/center]\n\n[center]%presentation[/center]\n\n[center][b]Chiffres à domicile[/b] | [b]Chiffres à l\'extérieur[/b][/center]\n\n[center]9e | 6e[/center]\n[center]7V- 3N - 4D | 5V- 3N - 6D[/center]\n[center]24 pts | 18 pts[/center]\n[center]+4 | +6[/center]\n[center][b]Série en cours (Dom | Ext)[/b][/center]\n[center]WWLWW | WWLLL[/center]\n[center][b]Meilleurs buteurs (Dom | Ext)[/b][/center] \n[center][img]https://media.api-sports.io/football/players/21591.png[/img] [img]https://media.api-sports.io/football/players/85041.png[/img] | [img]https://media.api-sports.io/football/players/663.png[/img]\nAndy DELORT, Amine GOUIRI (3) | Martin TERRIER (8)[/center]\n\n\n\n[b]Groupes :[/b] \n\n[u](Nom de l\'équipe domicile)[/u]\n[i]Suspendu(s) : [/i] \n[i]Blessé(s) : [/i] \n[i]Groupe : [/i] \n\n[u](Nom de l\'équipe extérieure)[/u] \n[i]Suspendu(s) : [/i] \n[i]Blessé(s) : [/i] \n[i]Groupe : [/i] \n\n---\n\n[b]Les arbitres de la rencontre :[/b] \n[i]Arbitre principal : B. Bastien[/i] \n[i]Arbitres assistants :  [/i] \n[i]4e arbitre : [/i] \n\n---\n\n[b]Les dernières confrontations :[/b]\n[color=#0050fe]13-12-2020 : Nice 0 - 1 Rennes - Ligue 1[/color]\n[color=#807F7F]24-01-2020 : Nice 1 - 1 Rennes - Ligue 1[/color]\n[color=#FE0500]14-09-2018 : Nice 2 - 1 Rennes - Ligue 1[/color]\n[color=#807F7F]08-04-2018 : Nice 1 - 1 Rennes - Ligue 1[/color]\n[color=#FE0500]14-08-2016 : Nice 1 - 0 Rennes - Ligue 1[/color]\n\n\n\n[b]Bilan des confrontations :[/b]\n[img]https://media.api-sports.io/football/teams/84.png[/img] 6 - 5 - 4 [img]https://media.api-sports.io/football/teams/94.png[/img]\n---\n\n[b]Diffusion télé :[/b] [img]https://www.ligue1.fr/-/media/Project/LFP/shared/Images/Broadcasters/Prime_Video.png[/img]\n','2022-03-30 13:31:09','2022-03-30 13:31:09'),(34,30,1,'[center][b]Ligue 1 - 30e journée[/b][/center]\n\n[center][b]samedi 2 avril 2022 à 17:00 - Allianz Riviera[/b][/center] \n\n[center][img]https://media.api-sports.io/football/teams/84.png[/img] | [img]https://media.api-sports.io/football/teams/94.png[/img][/center]\n\n[center][b]4e[/b] | [b]3e[/b][/center] \n[center][b]50 pts[/b] | [b]52 pts[/b][/center] \n[center][b]+16[/b] | [b]+35[/b][/center]\n\n[center]%presentation[/center]\n\n[center][b]Chiffres à domicile[/b] | [b]Chiffres à l\'extérieur[/b][/center]\n\n[center]9e | 6e[/center]\n[center]7V- 3N - 4D | 5V- 3N - 6D[/center]\n[center]24 pts | 18 pts[/center]\n[center]+4 | +6[/center]\n[center][b]Série en cours (Dom | Ext)[/b][/center]\n[center]WWLWW | WWLLL[/center]\n[center][b]Meilleurs buteurs (Dom | Ext)[/b][/center] \n[center][img]https://media.api-sports.io/football/players/21591.png[/img] [img]https://media.api-sports.io/football/players/85041.png[/img] | [img]https://media.api-sports.io/football/players/663.png[/img]\nAndy DELORT, Amine GOUIRI (3) | Martin TERRIER (8)[/center]\n\n\n\n[b]Groupes :[/b] \n\n[u](Nom de l\'équipe domicile)[/u]\n[i]Suspendu(s) : [/i] \n[i]Blessé(s) : [/i] \n[i]Groupe : [/i] \n\n[u](Nom de l\'équipe extérieure)[/u] \n[i]Suspendu(s) : [/i] \n[i]Blessé(s) : [/i] \n[i]Groupe : [/i] \n\n---\n\n[b]Les arbitres de la rencontre :[/b] \n[i]Arbitre principal : B. Bastien[/i] \n[i]Arbitres assistants :  [/i] \n[i]4e arbitre : [/i] \n\n---\n\n[b]Les dernières confrontations :[/b]\n[color=#0050fe]13-12-2020 : Nice 0 - 1 Rennes - Ligue 1[/color]\n[color=#807F7F]24-01-2020 : Nice 1 - 1 Rennes - Ligue 1[/color]\n[color=#FE0500]14-09-2018 : Nice 2 - 1 Rennes - Ligue 1[/color]\n[color=#807F7F]08-04-2018 : Nice 1 - 1 Rennes - Ligue 1[/color]\n[color=#FE0500]14-08-2016 : Nice 1 - 0 Rennes - Ligue 1[/color]\n\n\n\n[b]Bilan des confrontations :[/b]\n[img]https://media.api-sports.io/football/teams/84.png[/img] 6 - 5 - 4 [img]https://media.api-sports.io/football/teams/94.png[/img]\n---\n\n[b]Diffusion télé :[/b] [img]https://www.ligue1.fr/-/media/Project/LFP/shared/Images/Broadcasters/Prime_Video.png[/img]\n','2022-03-30 14:56:23','2022-03-30 14:56:23'),(35,30,1,'[center][b]Ligue 1 - 30e journée[/b][/center]\n\n[center][b]samedi 2 avril 2022 à 17:00 - Allianz Riviera[/b][/center] \n\n[center][img]https://media.api-sports.io/football/teams/84.png[/img] | [img]https://media.api-sports.io/football/teams/94.png[/img][/center]\n\n[center][b]4e[/b] | [b]3e[/b][/center] \n[center][b]50 pts[/b] | [b]52 pts[/b][/center] \n[center][b]+16[/b] | [b]+35[/b][/center]\n\n[center]%presentation[/center]\n\n[center][b]Chiffres à domicile[/b] | [b]Chiffres à l\'extérieur[/b][/center]\n\n[center]9e | 6e[/center]\n[center]7V- 3N - 4D | 5V- 3N - 6D[/center]\n[center]24 pts | 18 pts[/center]\n[center]+4 | +6[/center]\n[center][b]Série en cours (Dom | Ext)[/b][/center]\n[center]WWLWW | WWLLL[/center]\n[center][b]Meilleurs buteurs (Dom | Ext)[/b][/center] \n[center][img]https://media.api-sports.io/football/players/21591.png[/img] [img]https://media.api-sports.io/football/players/85041.png[/img] | [img]https://media.api-sports.io/football/players/663.png[/img]\nAndy DELORT, Amine GOUIRI (3) | Martin TERRIER (8)[/center]\n\n\n\n[b]Groupes :[/b] \n\n[u](Nom de l\'équipe domicile)[/u]\n[i]Suspendu(s) : [/i] \n[i]Blessé(s) : [/i] \n[i]Groupe : [/i] \n\n[u](Nom de l\'équipe extérieure)[/u] \n[i]Suspendu(s) : [/i] \n[i]Blessé(s) : [/i] \n[i]Groupe : [/i] \n\n---\n\n[b]Les arbitres de la rencontre :[/b] \n[i]Arbitre principal : B. Bastien[/i] \n[i]Arbitres assistants :  [/i] \n[i]4e arbitre : [/i] \n\n---\n\n[b]Les dernières confrontations :[/b]\n[color=#0050fe]13-12-2020 : Nice 0 - 1 Rennes - Ligue 1[/color]\n[color=#807F7F]24-01-2020 : Nice 1 - 1 Rennes - Ligue 1[/color]\n[color=#FE0500]14-09-2018 : Nice 2 - 1 Rennes - Ligue 1[/color]\n[color=#807F7F]08-04-2018 : Nice 1 - 1 Rennes - Ligue 1[/color]\n[color=#FE0500]14-08-2016 : Nice 1 - 0 Rennes - Ligue 1[/color]\n\n\n\n[b]Bilan des confrontations :[/b]\n[img]https://media.api-sports.io/football/teams/84.png[/img] 6 - 5 - 4 [img]https://media.api-sports.io/football/teams/94.png[/img]\n---\n\n[b]Diffusion télé :[/b] [img]https://www.ligue1.fr/-/media/Project/LFP/shared/Images/Broadcasters/Prime_Video.png[/img]\n','2022-03-30 15:05:39','2022-03-30 15:05:39'),(36,30,1,'[center][b]Ligue 1 - 30e journée[/b][/center]\n\n[center][b]samedi 2 avril 2022 à 17:00 - Allianz Riviera[/b][/center] \n\n[center][img]https://media.api-sports.io/football/teams/84.png[/img] | [img]https://media.api-sports.io/football/teams/94.png[/img][/center]\n\n[center][b]4e[/b] | [b]3e[/b][/center] \n[center][b]50 pts[/b] | [b]52 pts[/b][/center] \n[center][b]+16[/b] | [b]+35[/b][/center]\n\n[center]%presentation[/center]\n\n[center][b]Chiffres à domicile[/b] | [b]Chiffres à l\'extérieur[/b][/center]\n\n[center]9e | 6e[/center]\n[center]7V- 3N - 4D | 5V- 3N - 6D[/center]\n[center]24 pts | 18 pts[/center]\n[center]+4 | +6[/center]\n[center][b]Série en cours (Dom | Ext)[/b][/center]\n[center]WWLWW | WWLLL[/center]\n[center][b]Meilleurs buteurs (Dom | Ext)[/b][/center] \n[center][img]https://media.api-sports.io/football/players/21591.png[/img] [img]https://media.api-sports.io/football/players/85041.png[/img] | [img]https://media.api-sports.io/football/players/663.png[/img]\nAndy DELORT, Amine GOUIRI (3) | Martin TERRIER (8)[/center]\n\n\n\n[b]Groupes :[/b] \n\n[u](Nom de l\'équipe domicile)[/u]\n[i]Suspendu(s) : [/i] \n[i]Blessé(s) : [/i] \n[i]Groupe : [/i] \n\n[u](Nom de l\'équipe extérieure)[/u] \n[i]Suspendu(s) : [/i] \n[i]Blessé(s) : [/i] \n[i]Groupe : [/i] \n\n---\n\n[b]Les arbitres de la rencontre :[/b] \n[i]Arbitre principal : B. Bastien[/i] \n[i]Arbitres assistants :  [/i] \n[i]4e arbitre : [/i] \n\n---\n\n[b]Les dernières confrontations :[/b]\n[color=#0050fe]13-12-2020 : Nice 0 - 1 Rennes - Ligue 1[/color]\n[color=#807F7F]24-01-2020 : Nice 1 - 1 Rennes - Ligue 1[/color]\n[color=#FE0500]14-09-2018 : Nice 2 - 1 Rennes - Ligue 1[/color]\n[color=#807F7F]08-04-2018 : Nice 1 - 1 Rennes - Ligue 1[/color]\n[color=#FE0500]14-08-2016 : Nice 1 - 0 Rennes - Ligue 1[/color]\n\n\n\n[b]Bilan des confrontations :[/b]\n[img]https://media.api-sports.io/football/teams/84.png[/img] 6 - 5 - 4 [img]https://media.api-sports.io/football/teams/94.png[/img]\n---\n\n[b]Diffusion télé :[/b] [img]https://www.ligue1.fr/-/media/Project/LFP/shared/Images/Broadcasters/Prime_Video.png[/img]\n','2022-03-30 16:05:41','2022-03-30 16:05:41'),(37,30,1,'[center][b]Ligue 1 - 30e journée[/b][/center]\n\n[center][b]samedi 2 avril 2022 à 17:00 - Allianz Riviera[/b][/center] \n\n[center][img]https://media.api-sports.io/football/teams/84.png[/img] | [img]https://media.api-sports.io/football/teams/94.png[/img][/center]\n\n[center][b]4e[/b] | [b]3e[/b][/center] \n[center][b]50 pts[/b] | [b]52 pts[/b][/center] \n[center][b]+16[/b] | [b]+35[/b][/center]\n\n[center]%presentation[/center]\n\n[center][b]Chiffres à domicile[/b] | [b]Chiffres à l\'extérieur[/b][/center]\n\n[center]9e | 6e[/center]\n[center]7V- 3N - 4D | 5V- 3N - 6D[/center]\n[center]24 pts | 18 pts[/center]\n[center]+4 | +6[/center]\n[center][b]Série en cours (Dom | Ext)[/b][/center]\n[center]WWLWW | WWLLL[/center]\n[center][b]Meilleurs buteurs (Dom | Ext)[/b][/center] \n[center][img]https://media.api-sports.io/football/players/21591.png[/img] [img]https://media.api-sports.io/football/players/85041.png[/img] | [img]https://media.api-sports.io/football/players/663.png[/img]\nAndy DELORT, Amine GOUIRI (3) | Martin TERRIER (8)[/center]\n\n\n\n[b]Groupes :[/b] \n\n[u](Nom de l\'équipe domicile)[/u]\n[i]Suspendu(s) : [/i] \n[i]Blessé(s) : [/i] \n[i]Groupe : [/i] \n\n[u](Nom de l\'équipe extérieure)[/u] \n[i]Suspendu(s) : [/i] \n[i]Blessé(s) : L. Bade, J. Doku, J. Gelin, A. Gomis, R. Salin, K. Sulemana[/i] \n[i]Groupe : [/i] \n\n---\n\n[b]Les arbitres de la rencontre :[/b] \n[i]Arbitre principal : B. Bastien[/i] \n[i]Arbitres assistants :  [/i] \n[i]4e arbitre : [/i] \n\n---\n\n[b]Les dernières confrontations :[/b]\n[color=#0050fe]13-12-2020 : Nice 0 - 1 Rennes - Ligue 1[/color]\n[color=#807F7F]24-01-2020 : Nice 1 - 1 Rennes - Ligue 1[/color]\n[color=#FE0500]14-09-2018 : Nice 2 - 1 Rennes - Ligue 1[/color]\n[color=#807F7F]08-04-2018 : Nice 1 - 1 Rennes - Ligue 1[/color]\n[color=#FE0500]14-08-2016 : Nice 1 - 0 Rennes - Ligue 1[/color]\n\n\n\n[b]Bilan des confrontations :[/b]\n[img]https://media.api-sports.io/football/teams/84.png[/img] 6 - 5 - 4 [img]https://media.api-sports.io/football/teams/94.png[/img]\n---\n\n[b]Diffusion télé :[/b] [img]https://www.ligue1.fr/-/media/Project/LFP/shared/Images/Broadcasters/Prime_Video.png[/img]\n','2022-03-30 20:53:14','2022-03-30 20:53:14');
/*!40000 ALTER TABLE `fixtures` ENABLE KEYS */;
UNLOCK TABLES;
DROP TABLE IF EXISTS `general_standings`;
/*!40101 SET @saved_cs_client     = @@character_set_client */;
/*!50503 SET character_set_client = utf8mb4 */;
CREATE TABLE `general_standings` (
  `id` bigint unsigned NOT NULL AUTO_INCREMENT,
  `league` int NOT NULL,
  `season` int NOT NULL,
  `club_id` int NOT NULL,
  `name` varchar(255) CHARACTER SET utf8mb4 COLLATE utf8mb4_unicode_ci NOT NULL,
  `location` varchar(255) CHARACTER SET utf8mb4 COLLATE utf8mb4_unicode_ci NOT NULL,
  `rank` tinyint NOT NULL,
  `points` smallint NOT NULL,
  `played` tinyint NOT NULL,
  `win` tinyint NOT NULL,
  `draw` tinyint NOT NULL,
  `lose` tinyint NOT NULL,
  `goals_for` tinyint unsigned NOT NULL,
  `goals_against` tinyint unsigned NOT NULL,
  `goals_diff` smallint NOT NULL,
  `last5` varchar(255) CHARACTER SET utf8mb4 COLLATE utf8mb4_unicode_ci NOT NULL,
  `created_at` timestamp NULL DEFAULT NULL,
  `updated_at` timestamp NULL DEFAULT NULL,
  PRIMARY KEY (`id`)
) ENGINE=InnoDB DEFAULT CHARSET=utf8mb4 COLLATE=utf8mb4_unicode_ci;
/*!40101 SET character_set_client = @saved_cs_client */;

LOCK TABLES `general_standings` WRITE;
/*!40000 ALTER TABLE `general_standings` DISABLE KEYS */;
/*!40000 ALTER TABLE `general_standings` ENABLE KEYS */;
UNLOCK TABLES;
DROP TABLE IF EXISTS `h2h`;
/*!40101 SET @saved_cs_client     = @@character_set_client */;
/*!50503 SET character_set_client = utf8mb4 */;
CREATE TABLE `h2h` (
  `id` bigint unsigned NOT NULL AUTO_INCREMENT,
  `played_at` date DEFAULT NULL,
  `home_goals` tinyint NOT NULL,
  `away_goals` tinyint NOT NULL,
  `competition_id` bigint unsigned NOT NULL,
  `created_at` timestamp NULL DEFAULT NULL,
  `updated_at` timestamp NULL DEFAULT NULL,
  PRIMARY KEY (`id`)
) ENGINE=InnoDB AUTO_INCREMENT=72 DEFAULT CHARSET=utf8mb4 COLLATE=utf8mb4_unicode_ci;
/*!40101 SET character_set_client = @saved_cs_client */;

LOCK TABLES `h2h` WRITE;
/*!40000 ALTER TABLE `h2h` DISABLE KEYS */;
INSERT INTO `h2h` VALUES (9,'2022-03-20',6,1,1,'2022-03-26 18:43:49','2022-03-26 18:43:49'),(10,'2021-10-17',0,3,1,'2022-03-26 18:43:49','2022-03-26 18:43:49'),(11,'2021-03-20',1,3,1,'2022-03-26 18:43:49','2022-03-26 18:43:49'),(12,'2020-12-23',1,0,1,'2022-03-26 18:43:49','2022-03-26 18:43:49'),(13,'2019-12-04',0,1,1,'2022-03-26 18:43:49','2022-03-26 18:43:49'),(14,'2018-04-14',1,2,1,'2022-03-26 18:43:49','2022-03-26 18:43:49'),(15,'2017-12-09',1,1,1,'2022-03-26 18:43:49','2022-03-26 18:43:49'),(16,'2017-03-04',1,1,1,'2022-03-26 18:43:49','2022-03-26 18:43:49'),(17,'2016-10-30',1,0,1,'2022-03-26 18:43:49','2022-03-26 18:43:49'),(18,'2015-03-07',1,0,1,'2022-03-26 18:43:49','2022-03-26 18:43:49'),(19,'2014-10-18',0,0,1,'2022-03-26 18:43:49','2022-03-26 18:43:49'),(20,'2008-01-26',1,1,1,'2022-03-26 18:43:49','2022-03-26 18:43:49'),(21,'2021-12-12',1,2,1,'2022-03-26 18:49:31','2022-03-26 18:49:31'),(22,'2021-02-26',1,2,1,'2022-03-26 18:49:31','2022-03-26 18:49:31'),(24,'2021-12-12',1,2,1,'2022-03-26 18:52:25','2022-03-26 18:52:25'),(25,'2021-02-26',1,2,1,'2022-03-26 18:52:25','2022-03-26 18:52:25'),(26,'2020-12-13',0,1,1,'2022-03-26 18:52:25','2022-03-26 18:52:25'),(27,'2020-01-24',1,1,1,'2022-03-26 18:52:25','2022-03-26 18:52:25'),(28,'2019-09-01',1,2,1,'2022-03-26 18:52:25','2022-03-26 18:52:25'),(29,'2019-04-14',0,0,1,'2022-03-26 18:52:25','2022-03-26 18:52:25'),(30,'2018-09-14',2,1,1,'2022-03-26 18:52:25','2022-03-26 18:52:25'),(31,'2018-04-08',1,1,1,'2022-03-26 18:52:25','2022-03-26 18:52:25'),(32,'2017-09-17',0,1,1,'2022-03-26 18:52:25','2022-03-26 18:52:25'),(33,'2017-02-12',2,2,1,'2022-03-26 18:52:25','2022-03-26 18:52:25'),(34,'2016-08-14',1,0,1,'2022-03-26 18:52:25','2022-03-26 18:52:25'),(35,'2016-04-10',3,0,1,'2022-03-26 18:52:25','2022-03-26 18:52:25'),(36,'2016-01-04',2,2,2,'2022-03-26 18:52:25','2022-03-26 18:52:25'),(37,'2015-10-18',1,4,1,'2022-03-26 18:52:25','2022-03-26 18:52:25'),(38,'2015-04-25',2,1,1,'2022-03-26 18:52:25','2022-03-26 18:52:25'),(39,'2014-12-03',1,2,1,'2022-03-26 18:52:25','2022-03-26 18:52:25'),(40,'2014-01-11',0,0,1,'2022-03-26 18:52:25','2022-03-26 18:52:25'),(41,'2013-08-17',2,1,1,'2022-03-26 18:52:25','2022-03-26 18:52:25'),(42,'2013-05-05',0,3,1,'2022-03-26 18:52:25','2022-03-26 18:52:25'),(43,'2012-12-11',1,0,1,'2022-03-26 18:52:25','2022-03-26 18:52:25'),(44,'2012-04-16',3,1,1,'2022-03-26 18:52:25','2022-03-26 18:52:25'),(45,'2012-01-21',0,0,2,'2022-03-26 18:52:25','2022-03-26 18:52:25'),(46,'2011-12-03',2,0,1,'2022-03-26 18:52:25','2022-03-26 18:52:25'),(47,'2011-02-13',2,0,1,'2022-03-26 18:52:25','2022-03-26 18:52:25'),(48,'2010-09-25',1,2,1,'2022-03-26 18:52:25','2022-03-26 18:52:25'),(49,'2010-05-08',2,2,1,'2022-03-26 18:52:25','2022-03-26 18:52:25'),(50,'2009-08-16',1,1,1,'2022-03-26 18:52:25','2022-03-26 18:52:25'),(51,'2009-02-21',0,1,1,'2022-03-26 18:52:25','2022-03-26 18:52:25'),(52,'2008-09-27',1,0,1,'2022-03-26 18:52:25','2022-03-26 18:52:25'),(53,'2008-01-23',1,1,1,'2022-03-26 18:52:25','2022-03-26 18:52:25'),(54,'2021-09-12',0,2,1,'2022-03-27 09:48:59','2022-03-27 09:48:59'),(55,'2021-04-04',2,2,1,'2022-03-27 09:48:59','2022-03-27 09:48:59'),(56,'2020-10-04',2,2,1,'2022-03-27 09:48:59','2022-03-27 09:48:59'),(57,'2020-02-16',1,0,1,'2022-03-27 09:48:59','2022-03-27 09:48:59'),(58,'2019-10-06',0,1,1,'2022-03-27 09:48:59','2022-03-27 09:48:59'),(59,'2019-02-17',2,0,1,'2022-03-27 09:48:59','2022-03-27 09:48:59'),(60,'2018-10-28',0,2,1,'2022-03-27 09:48:59','2022-03-27 09:48:59'),(61,'2016-04-02',3,1,1,'2022-03-27 09:48:59','2022-03-27 09:48:59'),(62,'2015-11-28',2,2,1,'2022-03-27 09:48:59','2022-03-27 09:48:59'),(63,'2015-05-16',1,0,1,'2022-03-27 09:48:59','2022-03-27 09:48:59'),(64,'2015-01-22',1,1,2,'2022-03-27 09:48:59','2022-03-27 09:48:59'),(65,'2014-12-20',1,3,1,'2022-03-27 09:48:59','2022-03-27 09:48:59'),(66,'2014-05-17',1,3,1,'2022-03-27 09:48:59','2022-03-27 09:48:59'),(67,'2013-08-10',2,1,1,'2022-03-27 09:48:59','2022-03-27 09:48:59'),(68,'2013-03-16',1,0,1,'2022-03-27 09:48:59','2022-03-27 09:48:59'),(69,'2012-11-03',1,0,1,'2022-03-27 09:48:59','2022-03-27 09:48:59'),(70,'2011-02-01',3,4,2,'2022-03-27 09:48:59','2022-03-27 09:48:59'),(71,'2022-04-02',1,1,1,'2022-04-02 17:11:16','2022-04-02 17:11:16');
/*!40000 ALTER TABLE `h2h` ENABLE KEYS */;
UNLOCK TABLES;
DROP TABLE IF EXISTS `migrations`;
/*!40101 SET @saved_cs_client     = @@character_set_client */;
/*!50503 SET character_set_client = utf8mb4 */;
CREATE TABLE `migrations` (
  `id` int unsigned NOT NULL AUTO_INCREMENT,
  `migration` varchar(255) CHARACTER SET utf8mb4 COLLATE utf8mb4_unicode_ci NOT NULL,
  `batch` int NOT NULL,
  PRIMARY KEY (`id`)
) ENGINE=InnoDB AUTO_INCREMENT=37 DEFAULT CHARSET=utf8mb4 COLLATE=utf8mb4_unicode_ci;
/*!40101 SET character_set_client = @saved_cs_client */;

LOCK TABLES `migrations` WRITE;
/*!40000 ALTER TABLE `migrations` DISABLE KEYS */;
INSERT INTO `migrations` VALUES (21,'2014_10_12_000000_create_users_table',1),(22,'2014_10_12_100000_create_password_resets_table',1),(23,'2019_08_19_000000_create_failed_jobs_table',1),(24,'2019_12_14_000001_create_personal_access_tokens_table',1),(25,'2022_03_09_151143_create_calendars_table',1),(26,'2022_03_09_151329_create_fixtures_table',1),(27,'2022_03_16_085952_create_standings_table',1),(28,'2022_03_16_091536_create_general_standings_table',1),(29,'2022_03_16_092801_create_scorers_table',1),(30,'2022_03_24_120651_create_table_clubs',2),(31,'2022_03_24_120701_create_table_competitions',2),(32,'2022_03_24_120651_create_clubs',3),(33,'2022_03_24_120701_create_competitions',3),(34,'2022_03_24_120739_create_h2h',4),(35,'2022_03_24_170201_create_club_h2h_table',5),(36,'2022_04_06_190012_add_column_fixture_to_calendars',6);
/*!40000 ALTER TABLE `migrations` ENABLE KEYS */;
UNLOCK TABLES;
DROP TABLE IF EXISTS `password_resets`;
/*!40101 SET @saved_cs_client     = @@character_set_client */;
/*!50503 SET character_set_client = utf8mb4 */;
CREATE TABLE `password_resets` (
  `email` varchar(255) CHARACTER SET utf8mb4 COLLATE utf8mb4_unicode_ci NOT NULL,
  `token` varchar(255) CHARACTER SET utf8mb4 COLLATE utf8mb4_unicode_ci NOT NULL,
  `created_at` timestamp NULL DEFAULT NULL,
  KEY `password_resets_email_index` (`email`)
) ENGINE=InnoDB DEFAULT CHARSET=utf8mb4 COLLATE=utf8mb4_unicode_ci;
/*!40101 SET character_set_client = @saved_cs_client */;

LOCK TABLES `password_resets` WRITE;
/*!40000 ALTER TABLE `password_resets` DISABLE KEYS */;
/*!40000 ALTER TABLE `password_resets` ENABLE KEYS */;
UNLOCK TABLES;
DROP TABLE IF EXISTS `personal_access_tokens`;
/*!40101 SET @saved_cs_client     = @@character_set_client */;
/*!50503 SET character_set_client = utf8mb4 */;
CREATE TABLE `personal_access_tokens` (
  `id` bigint unsigned NOT NULL AUTO_INCREMENT,
  `tokenable_type` varchar(255) CHARACTER SET utf8mb4 COLLATE utf8mb4_unicode_ci NOT NULL,
  `tokenable_id` bigint unsigned NOT NULL,
  `name` varchar(255) CHARACTER SET utf8mb4 COLLATE utf8mb4_unicode_ci NOT NULL,
  `token` varchar(64) CHARACTER SET utf8mb4 COLLATE utf8mb4_unicode_ci NOT NULL,
  `abilities` text CHARACTER SET utf8mb4 COLLATE utf8mb4_unicode_ci,
  `last_used_at` timestamp NULL DEFAULT NULL,
  `created_at` timestamp NULL DEFAULT NULL,
  `updated_at` timestamp NULL DEFAULT NULL,
  PRIMARY KEY (`id`),
  UNIQUE KEY `personal_access_tokens_token_unique` (`token`),
  KEY `personal_access_tokens_tokenable_type_tokenable_id_index` (`tokenable_type`,`tokenable_id`)
) ENGINE=InnoDB DEFAULT CHARSET=utf8mb4 COLLATE=utf8mb4_unicode_ci;
/*!40101 SET character_set_client = @saved_cs_client */;

LOCK TABLES `personal_access_tokens` WRITE;
/*!40000 ALTER TABLE `personal_access_tokens` DISABLE KEYS */;
/*!40000 ALTER TABLE `personal_access_tokens` ENABLE KEYS */;
UNLOCK TABLES;
DROP TABLE IF EXISTS `scorers`;
/*!40101 SET @saved_cs_client     = @@character_set_client */;
/*!50503 SET character_set_client = utf8mb4 */;
CREATE TABLE `scorers` (
  `id` bigint unsigned NOT NULL AUTO_INCREMENT,
  `league` int NOT NULL,
  `season` int NOT NULL,
  `club_id` int NOT NULL,
  `player_id` int NOT NULL,
  `total` tinyint NOT NULL,
  `home` tinyint NOT NULL,
  `away` tinyint NOT NULL,
  `photo` varchar(255) CHARACTER SET utf8mb4 COLLATE utf8mb4_unicode_ci NOT NULL,
  `first_name` varchar(255) CHARACTER SET utf8mb4 COLLATE utf8mb4_unicode_ci NOT NULL,
  `last_name` varchar(255) CHARACTER SET utf8mb4 COLLATE utf8mb4_unicode_ci NOT NULL,
  `created_at` timestamp NULL DEFAULT NULL,
  `updated_at` timestamp NULL DEFAULT NULL,
  PRIMARY KEY (`id`)
) ENGINE=InnoDB AUTO_INCREMENT=30 DEFAULT CHARSET=utf8mb4 COLLATE=utf8mb4_unicode_ci;
/*!40101 SET character_set_client = @saved_cs_client */;

LOCK TABLES `scorers` WRITE;
/*!40000 ALTER TABLE `scorers` DISABLE KEYS */;
INSERT INTO `scorers` VALUES (1,61,2021,94,21592,14,8,6,'https://media.api-sports.io/football/players/21592.png','Gaetan','Laborde','2022-03-16 21:07:21','2022-03-16 21:07:21'),(2,61,2021,94,663,17,8,9,'https://media.api-sports.io/football/players/663.png','Martin','Terrier','2022-03-16 21:07:21','2022-04-02 17:01:26'),(3,61,2021,94,2206,6,4,2,'https://media.api-sports.io/football/players/2206.png','Benjamin','Bourigeaud','2022-03-16 21:07:21','2022-03-16 21:07:21'),(4,61,2021,79,8489,13,7,6,'https://media.api-sports.io/football/players/8489.png','Jonathan','David','2022-03-16 21:07:21','2022-03-16 21:07:21'),(5,61,2021,83,21104,10,7,3,'https://media.api-sports.io/football/players/21104.png','Randal','Kolo Muani','2022-03-16 21:07:21','2022-03-16 21:07:21'),(6,61,2021,83,21497,8,5,3,'https://media.api-sports.io/football/players/21497.png','Ludovic','Blas','2022-03-16 21:07:21','2022-03-16 21:07:21'),(7,61,2021,1063,22102,9,6,3,'https://media.api-sports.io/football/players/22102.png','Wahbi','Khazri','2022-03-16 21:07:21','2022-03-16 21:07:21'),(8,61,2021,1063,21437,5,2,3,'https://media.api-sports.io/football/players/21437.png','Denis','Bouanga','2022-03-16 21:07:21','2022-03-16 21:07:21'),(9,61,2021,95,22264,10,5,5,'https://media.api-sports.io/football/players/22264.png','Ludovic','Ajorque','2022-03-16 21:15:34','2022-03-16 21:15:34'),(10,61,2021,95,20535,9,5,4,'https://media.api-sports.io/football/players/20535.png','Habib','Diallo','2022-03-16 21:15:34','2022-03-16 21:15:34'),(11,61,2021,95,22261,7,5,2,'https://media.api-sports.io/football/players/22261.png','Adrien','Thomasson','2022-03-16 21:15:34','2022-03-16 21:15:34'),(12,61,2021,95,933,9,3,6,'https://media.api-sports.io/football/players/933.png','Kevin','Gameiro','2022-03-16 21:15:34','2022-03-22 17:14:35'),(13,61,2021,84,21591,10,4,6,'https://media.api-sports.io/football/players/21591.png','Andy','Delort','2022-03-16 21:15:34','2022-04-02 17:01:11'),(14,61,2021,84,85041,10,3,7,'https://media.api-sports.io/football/players/85041.png','Amine','Gouiri','2022-03-16 21:15:34','2022-03-16 21:15:34'),(15,61,2021,81,1912,9,4,5,'https://media.api-sports.io/football/players/1912.png','Dimitri','Payet','2022-03-16 21:15:34','2022-03-16 21:15:34'),(16,61,2021,81,785,8,4,4,'https://media.api-sports.io/football/players/785.png','Cengiz','Under','2022-03-16 21:15:34','2022-03-16 21:15:34'),(17,61,2021,81,333,7,5,2,'https://media.api-sports.io/football/players/333.png','Arkadiusz','Milik','2022-03-16 21:15:34','2022-03-16 21:15:34'),(18,61,2021,81,284072,4,1,3,'https://media.api-sports.io/football/players/284072.png','Bamba','Dieng','2022-03-16 21:15:34','2022-03-16 21:15:34'),(19,61,2021,112,1275,4,2,2,'https://media.api-sports.io/football/players/1275.png','Nicolas','de Preville','2022-03-16 21:17:28','2022-03-16 21:17:28'),(20,61,2021,112,20654,4,2,2,'https://media.api-sports.io/football/players/20654.png','Fabien','Centonze','2022-03-16 21:17:28','2022-03-16 21:17:28'),(21,61,2021,112,20537,3,1,2,'https://media.api-sports.io/football/players/20537.png','Ibrahima','Niane','2022-03-16 21:17:28','2022-03-16 21:17:28'),(22,61,2021,97,69971,4,3,1,'https://media.api-sports.io/football/players/69971.png','Terem','Moffi','2022-03-16 21:19:42','2022-03-16 21:19:42'),(23,61,2021,97,2215,4,1,3,'https://media.api-sports.io/football/players/2215.png','Armand','Lauriente','2022-03-16 21:19:42','2022-03-16 21:19:42'),(24,61,2021,97,144319,3,1,2,'https://media.api-sports.io/football/players/144319.png','Sambou','Soumano','2022-03-16 21:19:42','2022-03-16 21:19:42'),(25,61,2021,91,2059,17,14,3,'https://media.api-sports.io/football/players/2059.png','Wissam','Ben Yedder','2022-03-16 21:24:05','2022-03-16 21:24:05'),(26,61,2021,91,107,6,2,4,'https://media.api-sports.io/football/players/107.png','Sofiane','Diop','2022-03-16 21:24:05','2022-03-16 21:24:05'),(27,61,2021,91,989,6,5,1,'https://media.api-sports.io/football/players/989.png','Kevin','Volland','2022-03-16 21:24:05','2022-03-16 21:24:05'),(28,61,2021,93,174565,9,4,5,'https://media.api-sports.io/football/players/174565.png','Hugo','Ekitike','2022-03-16 21:24:05','2022-03-16 21:24:05'),(29,61,2021,94,21393,8,7,1,'https://media.api-sports.io/football/players/21393.png','Serhou','Guirassy','2022-03-20 17:44:42','2022-03-20 17:44:42');
/*!40000 ALTER TABLE `scorers` ENABLE KEYS */;
UNLOCK TABLES;
DROP TABLE IF EXISTS `standings`;
/*!40101 SET @saved_cs_client     = @@character_set_client */;
/*!50503 SET character_set_client = utf8mb4 */;
CREATE TABLE `standings` (
  `id` bigint unsigned NOT NULL AUTO_INCREMENT,
  `league` int NOT NULL,
  `season` int NOT NULL,
  `club_id` int NOT NULL,
  `name` varchar(255) CHARACTER SET utf8mb4 COLLATE utf8mb4_unicode_ci NOT NULL,
  `location` varchar(255) CHARACTER SET utf8mb4 COLLATE utf8mb4_unicode_ci NOT NULL,
  `rank` tinyint NOT NULL,
  `points` smallint NOT NULL,
  `played` tinyint NOT NULL,
  `win` tinyint NOT NULL,
  `draw` tinyint NOT NULL,
  `lose` tinyint NOT NULL,
  `goals_for` tinyint unsigned NOT NULL,
  `goals_against` tinyint unsigned NOT NULL,
  `goals_diff` smallint NOT NULL,
  `last5` varchar(255) CHARACTER SET utf8mb4 COLLATE utf8mb4_unicode_ci NOT NULL,
  `created_at` timestamp NULL DEFAULT NULL,
  `updated_at` timestamp NULL DEFAULT NULL,
  PRIMARY KEY (`id`)
) ENGINE=InnoDB AUTO_INCREMENT=41 DEFAULT CHARSET=utf8mb4 COLLATE=utf8mb4_unicode_ci;
/*!40101 SET character_set_client = @saved_cs_client */;

LOCK TABLES `standings` WRITE;
/*!40000 ALTER TABLE `standings` DISABLE KEYS */;
INSERT INTO `standings` VALUES (1,61,2021,85,'Paris SG','home',1,43,15,14,1,2,39,8,31,'WWWWW','2022-03-16 12:38:37','2022-04-10 16:06:59'),(2,61,2021,94,'Stade Rennais','home',2,34,15,11,1,3,39,10,29,'WWWWW','2022-03-16 12:40:39','2022-03-22 10:12:30'),(3,61,2021,83,'Nantes','home',4,29,15,9,2,4,24,14,10,'LWWWW','2022-03-16 12:51:17','2022-04-10 16:06:59'),(4,61,2021,95,'Strasbourg','home',3,30,15,9,3,3,29,13,16,'WWDWW','2022-03-16 12:51:17','2022-04-10 16:06:59'),(5,61,2021,80,'Lyon','home',5,29,16,8,5,3,28,20,8,'WLLWW','2022-03-16 12:51:17','2022-04-10 16:06:59'),(6,61,2021,91,'Monaco','home',6,28,15,8,4,3,29,13,16,'WLDWW','2022-03-16 13:01:45','2022-04-10 16:06:59'),(7,61,2021,82,'Montpellier','home',10,24,16,7,3,6,25,20,5,'LDLLW','2022-03-16 13:01:45','2022-04-10 16:06:59'),(8,61,2021,84,'Nice','home',8,25,15,7,4,4,19,15,4,'DWWLW','2022-03-16 13:01:45','2022-04-10 16:06:59'),(9,61,2021,79,'Lille','home',9,25,15,6,7,2,19,16,3,'DDWDL','2022-03-16 13:01:47','2022-04-10 16:06:59'),(10,61,2021,116,'Lens','home',7,26,15,7,5,3,26,16,10,'WLDWL','2022-03-16 13:06:31','2022-04-10 16:06:59'),(11,61,2021,81,'Marseille','home',11,23,15,6,5,4,24,17,7,'WLLWD','2022-03-16 13:18:00','2022-03-22 10:12:31'),(12,61,2021,106,'Brest','home',14,18,14,5,3,6,21,22,-1,'LLWWL','2022-03-16 13:18:00','2022-03-22 10:12:31'),(13,61,2021,93,'Reims','home',13,18,14,4,6,4,18,13,5,'DDDWL','2022-03-16 13:18:00','2022-03-22 10:12:31'),(14,61,2021,77,'Angers','home',12,19,15,6,1,8,16,18,-2,'WLLLL','2022-03-16 13:18:01','2022-03-22 10:12:31'),(15,61,2021,97,'Lorient','home',16,17,14,4,5,5,11,14,-3,'DLLWD','2022-03-16 13:24:04','2022-04-10 16:06:59'),(16,61,2021,110,'Troyes','home',15,18,15,4,5,6,15,19,-4,'WLLWW','2022-03-16 13:24:04','2022-04-10 16:06:59'),(17,61,2021,99,'Clermont','home',18,14,15,3,5,7,16,22,-6,'LDDWL','2022-03-16 13:24:04','2022-04-10 16:06:59'),(18,61,2021,1063,'Saint-Etienne','home',17,15,16,3,6,7,20,31,-11,'LDLLL','2022-03-16 13:24:05','2022-04-10 16:06:59'),(19,61,2021,78,'Bordeaux','home',19,11,15,2,5,8,20,29,-9,'LLDWL','2022-03-16 13:27:17','2022-03-22 10:12:31'),(20,61,2021,112,'Metz','home',20,9,15,1,6,8,16,27,-11,'LDDLL','2022-03-16 13:27:18','2022-04-10 16:06:59'),(21,61,2021,81,'Marseille','away',1,33,15,10,3,2,25,12,13,'WWDWL','2022-03-16 13:45:59','2022-04-10 16:06:59'),(22,61,2021,84,'Nice','away',2,27,15,8,3,4,21,9,12,'LDDLW','2022-03-16 13:46:00','2022-03-22 10:11:08'),(23,61,2021,85,'Paris-SG','away',3,25,15,7,4,4,25,20,5,'LLLWD','2022-03-16 13:46:00','2022-03-22 10:11:08'),(24,61,2021,95,'Strasbourg','away',5,21,15,5,6,4,22,19,3,'DDDWL','2022-03-16 13:46:00','2022-03-22 10:11:08'),(25,61,2021,79,'Lille','away',4,22,15,6,4,5,19,19,0,'WWWLD','2022-03-16 13:46:00','2022-03-22 10:11:08'),(26,61,2021,94,'Stade Rennais','away',7,19,15,5,4,6,25,19,6,'DWWLL','2022-03-16 13:46:01','2022-04-10 16:06:59'),(27,61,2021,116,'Lens','away',9,18,15,5,3,7,19,24,-5,'LDWLW','2022-03-16 14:08:09','2022-04-10 16:06:59'),(28,61,2021,93,'Reims','away',10,18,16,4,6,6,14,19,-5,'LWWLL','2022-03-16 14:08:09','2022-04-10 16:07:00'),(29,61,2021,106,'Brest','away',6,20,16,5,5,6,17,22,-5,'WLWDL','2022-03-16 14:08:09','2022-04-10 16:06:59'),(30,61,2021,91,'Monaco','away',8,19,15,5,4,6,16,18,-2,'WLWDL','2022-03-16 14:08:09','2022-04-10 16:06:59'),(31,61,2021,80,'Lyon','away',12,17,14,4,5,5,15,19,-4,'DWDLW','2022-03-16 14:08:09','2022-04-10 16:07:00'),(32,61,2021,82,'Montpellier','away',11,17,14,5,2,7,19,22,-3,'WLWLL','2022-03-16 14:08:09','2022-04-10 16:07:00'),(33,61,2021,112,'Metz','away',15,14,15,3,5,7,11,27,-16,'LLDDW','2022-03-16 14:08:09','2022-04-10 16:07:00'),(34,61,2021,99,'Clermont','away',16,14,15,4,2,9,14,32,-18,'LLWWL','2022-03-16 14:08:10','2022-04-10 16:07:00'),(35,61,2021,83,'Nantes','away',13,16,15,4,4,7,15,19,-4,'WLDLL','2022-03-16 14:13:03','2022-04-10 16:07:00'),(36,61,2021,77,'Angers','away',17,13,15,2,7,6,18,26,-8,'LLLLD','2022-03-16 14:13:03','2022-04-10 16:06:59'),(37,61,2021,110,'Troyes','away',14,14,15,4,2,9,14,28,-14,'DWLLL','2022-03-16 14:13:03','2022-04-10 16:07:00'),(38,61,2021,1063,'Saint-Etienne','away',18,12,14,3,3,8,11,24,-13,'DLWWL','2022-03-16 14:13:03','2022-03-22 10:11:08'),(39,61,2021,97,'Lorient','away',20,11,16,2,5,9,14,34,-20,'LWWDL','2022-03-16 14:13:03','2022-04-10 16:07:00'),(40,61,2021,78,'Bordeaux','away',19,12,15,2,6,7,18,41,-23,'DLDLL','2022-03-16 14:13:03','2022-04-10 16:07:00');
/*!40000 ALTER TABLE `standings` ENABLE KEYS */;
UNLOCK TABLES;
DROP TABLE IF EXISTS `users`;
/*!40101 SET @saved_cs_client     = @@character_set_client */;
/*!50503 SET character_set_client = utf8mb4 */;
CREATE TABLE `users` (
  `id` bigint unsigned NOT NULL AUTO_INCREMENT,
  `name` varchar(255) CHARACTER SET utf8mb4 COLLATE utf8mb4_unicode_ci NOT NULL,
  `email` varchar(255) CHARACTER SET utf8mb4 COLLATE utf8mb4_unicode_ci NOT NULL,
  `email_verified_at` timestamp NULL DEFAULT NULL,
  `password` varchar(255) CHARACTER SET utf8mb4 COLLATE utf8mb4_unicode_ci NOT NULL,
  `remember_token` varchar(100) CHARACTER SET utf8mb4 COLLATE utf8mb4_unicode_ci DEFAULT NULL,
  `created_at` timestamp NULL DEFAULT NULL,
  `updated_at` timestamp NULL DEFAULT NULL,
  PRIMARY KEY (`id`),
  UNIQUE KEY `users_email_unique` (`email`)
) ENGINE=InnoDB AUTO_INCREMENT=2 DEFAULT CHARSET=utf8mb4 COLLATE=utf8mb4_unicode_ci;
/*!40101 SET character_set_client = @saved_cs_client */;

LOCK TABLES `users` WRITE;
/*!40000 ALTER TABLE `users` DISABLE KEYS */;
INSERT INTO `users` VALUES (1,'Sylvain','test@test.com',NULL,'$2y$10$ETO6oPxj8Fq3Zqt7MTRQeuf8sNe.cs5rD8FrHb0N2yZekv9YMj7Gm',NULL,'2022-03-18 15:52:04','2022-03-18 15:52:04');
/*!40000 ALTER TABLE `users` ENABLE KEYS */;
UNLOCK TABLES;
/*!40103 SET TIME_ZONE=@OLD_TIME_ZONE */;

/*!40101 SET SQL_MODE=@OLD_SQL_MODE */;
/*!40014 SET FOREIGN_KEY_CHECKS=@OLD_FOREIGN_KEY_CHECKS */;
/*!40014 SET UNIQUE_CHECKS=@OLD_UNIQUE_CHECKS */;
/*!40101 SET CHARACTER_SET_CLIENT=@OLD_CHARACTER_SET_CLIENT */;
/*!40101 SET CHARACTER_SET_RESULTS=@OLD_CHARACTER_SET_RESULTS */;
/*!40101 SET COLLATION_CONNECTION=@OLD_COLLATION_CONNECTION */;
/*!40111 SET SQL_NOTES=@OLD_SQL_NOTES */;

